,hora,pto_orvalho_inst,pressao,radiacao,precipitacao,diff_temp,diff_umid,diff_dew,diff_pressure,diff_wind,vento_vel
0,0,22.6,1009.9,-3.51,0.0,0.4000000000000021,2,0.3000000000000007,0.6999999999999318,3.4,104
1,23,22.1,1010.0,-3.54,0.0,0.9000000000000021,4,0.4000000000000021,0.7999999999999545,3.7,121
2,22,21.8,1009.2,-3.54,0.0,0.5,3,0.3000000000000007,0.20000000000004547,3.8,94
3,21,21.6,1009.0,70.21,0.0,1.2000000000000028,6,0.4000000000000021,0.6000000000000227,4.800000000000002,91
4,20,21.2,1008.4,688.5,0.0,1.1999999999999993,6,1.0,0.5,4.5,103
5,19,21.8,1007.9,1324.0,0.0,0.9000000000000021,8,1.6000000000000014,0.10000000000002274,5.5,107
6,18,21.5,1007.9,1757.0,0.0,0.8999999999999986,5,1.2999999999999972,0.3000000000000682,4.9,107
7,17,22.1,1008.2,1992.0,0.0,1.0,8,1.6999999999999993,0.8999999999999773,4.6,103
8,16,22.7,1009.1,1911.0,0.0,1.3000000000000007,5,1.8000000000000007,0.6999999999999318,4.4,106
9,15,21.5,1009.8,1971.0,0.0,1.5,6,1.2000000000000028,0.7000000000000455,4.0,119
10,14,22.3,1010.5,1386.0,0.0,2.0,8,1.1000000000000014,0.3999999999999773,4.6,109
11,13,21.9,1010.9,1505.0,0.0,1.3000000000000007,6,1.5,0.20000000000004547,4.4,151
12,12,22.5,1010.8,1235.0,0.0,1.5,5,1.0,0.1999999999999318,3.9,159
13,11,22.3,1010.7,1024.0,0.0,2.599999999999998,14,1.0,0.900000000000091,4.3,173
14,10,22.2,1009.7,84.58,0.0,0.1999999999999993,1,0.3000000000000007,0.7999999999999545,3.0,188
15,9,22.2,1009.0,6.863,0.0,0.1999999999999993,1,0.1999999999999993,0.5,1.9,191
16,8,22.3,1008.5,-3.34,0.0,0.6999999999999993,4,0.3000000000000007,0.3999999999999773,2.1,163
17,7,22.2,1008.1,-3.44,0.0,0.3999999999999986,1,0.3999999999999986,0.20000000000004547,1.5,169
18,6,22.2,1008.0,-2.82,0.0,0.8999999999999986,5,0.3000000000000007,0.3999999999999773,2.4,170
19,5,22.0,1008.3,-3.52,0.0,0.5,3,0.3000000000000007,0.5,2.9,126
20,4,21.7,1008.8,-3.52,0.0,0.3000000000000007,2,0.5,0.7000000000000455,2.5,106
21,3,22.2,1009.5,-3.41,0.0,0.6000000000000014,1,0.3000000000000007,0.2999999999999545,3.6,108
22,2,22.3,1009.8,-2.6,0.0,0.6000000000000014,4,0.5,0.20000000000004547,2.7,102
23,1,22.7,1010.0,-3.13,0.0,0.3000000000000007,1,0.2999999999999972,0.10000000000002274,3.8,111
24,0,22.2,1010.5,-3.53,0.0,1.2000000000000028,6,0.5,0.3999999999999773,1.3,190
25,1,22.1,1010.6,-3.36,0.0,0.7999999999999972,3,0.3000000000000007,0.10000000000002274,1.0,161
26,2,22.2,1010.3,-2.81,0.0,0.3000000000000007,2,0.4000000000000021,0.3000000000000682,1.4,185
27,3,22.6,1009.7,-2.35,0.0,0.5,2,0.6000000000000014,0.5999999999999089,0.8,181
28,4,22.6,1009.0,-1.9,0.0,0.3999999999999986,1,0.4000000000000021,0.7000000000000455,1.7,172
29,5,22.6,1008.7,-1.8,0.0,0.3000000000000007,0,0.20000000000000284,0.2999999999999545,1.2999999999999998,189
30,6,22.3,1008.3,-2.0,0.0,0.4000000000000021,0,0.3999999999999986,0.40000000000009095,0.9000000000000001,184
31,7,22.4,1008.1,-1.77,0.0,0.4000000000000021,0,0.5,0.1999999999999318,1.4,164
32,8,22.4,1008.2,-1.32,0.0,0.1999999999999993,0,0.1999999999999993,0.10000000000002274,0.9999999999999998,173
33,9,22.6,1008.4,19.16,0.0,0.3999999999999986,1,0.3000000000000007,0.1999999999999318,1.6999999999999995,164
34,10,23.2,1009.1,246.9,0.0,1.1000000000000014,3,0.5,0.7000000000000455,2.5,177
35,11,23.2,1009.7,976.7,0.0,2.1000000000000014,10,1.0,0.6000000000000227,3.1000000000000005,164
36,12,23.2,1010.5,1214.0,0.0,1.6999999999999993,7,0.9000000000000021,0.7999999999999545,3.9,164
37,13,22.6,1010.4,1676.0,0.0,1.6999999999999993,11,1.6999999999999993,0.20000000000004547,5.2,141
38,14,20.9,1010.0,2032.0,0.0,1.5,8,2.5,0.3999999999999773,4.5,134
39,15,21.4,1009.2,2048.0,0.0,1.8000000000000007,6,1.2000000000000028,0.7999999999999545,4.699999999999998,130
40,16,20.8,1008.7,1692.0,0.0,1.8999999999999984,11,2.6999999999999997,0.6000000000000227,6.199999999999998,118
41,17,19.6,1007.9,2052.0,0.0,0.8000000000000007,5,2.0,0.8000000000000682,5.5,99
42,18,20.1,1007.9,1742.0,0.0,0.8000000000000007,6,1.0,0.10000000000002274,5.300000000000002,109
43,19,21.0,1008.2,1290.0,0.0,0.7000000000000028,5,1.2000000000000028,0.3000000000000682,5.1,101
44,20,21.8,1008.2,680.9,0.0,1.599999999999998,10,1.1999999999999993,0.10000000000002274,3.5000000000000004,95
45,21,22.7,1008.9,70.17,0.0,1.2000000000000028,8,0.8999999999999986,0.6999999999999318,4.4,95
46,22,23.0,1009.5,-3.53,0.0,0.5999999999999979,5,0.5,0.6000000000000227,2.8,101
47,23,23.1,1010.0,-3.53,0.0,0.3999999999999986,2,0.3000000000000007,0.5,2.3,138
48,0,23.1,1010.5,-3.54,0.0,1.0,5,0.3000000000000007,0.5,1.2,178
49,1,23.2,1010.8,-3.15,0.0,0.3000000000000007,2,0.4000000000000021,0.2999999999999545,1.1,213
50,2,23.6,1010.9,-0.69,0.0,0.5,1,0.3000000000000007,0.10000000000002274,0.7999999999999999,207
51,3,23.7,1010.5,-2.57,0.0,0.5,2,0.09999999999999787,0.3999999999999773,1.6,158
52,4,23.4,1010.1,-3.03,0.0,0.4000000000000021,1,0.20000000000000284,0.3999999999999773,2.2,151
53,5,22.6,1009.8,-3.48,0.0,0.8000000000000007,7,1.0,0.3000000000000682,2.9,132
54,6,22.6,1009.8,-3.53,0.0,1.099999999999998,5,0.1999999999999993,0.09999999999990904,3.8,159
55,7,22.4,1009.9,-3.47,0.0,0.8999999999999986,3,0.3999999999999986,0.10000000000002274,1.6,173
56,8,22.3,1010.4,-3.48,0.0,0.2999999999999972,2,0.3000000000000007,0.5,1.5000000000000002,178
57,9,22.0,1010.7,3.011,0.0,0.6000000000000014,1,0.5,0.3000000000000682,1.2999999999999998,182
58,10,22.2,1011.6,278.7,0.0,1.7000000000000028,7,0.5,0.8999999999999773,2.4,165
59,11,21.9,1012.3,993.0,0.0,1.6999999999999993,9,0.6000000000000014,0.6999999999999318,3.7,154
60,12,22.2,1012.9,1315.0,0.0,0.6999999999999993,3,0.6999999999999993,0.6000000000000227,3.9,163
61,13,20.8,1013.0,1735.0,0.0,1.7999999999999972,11,2.1999999999999997,0.20000000000004547,4.800000000000002,155
62,14,19.6,1012.7,2195.0,0.0,1.1000000000000014,9,2.0,0.3999999999999773,6.0,133
63,15,20.8,1011.6,2046.0,0.0,1.3999999999999986,7,1.599999999999998,1.1000000000000227,5.6,130
64,16,21.5,1010.9,1431.0,0.0,1.900000000000002,10,1.3000000000000007,0.7000000000000455,3.9,102
65,17,21.8,1010.1,1605.0,0.0,1.5,7,1.0,0.6999999999999318,4.300000000000002,111
66,18,20.9,1009.8,1681.0,0.0,1.0,5,1.5,0.3999999999999773,4.300000000000002,100
67,19,21.4,1009.7,1148.0,0.0,1.099999999999998,5,1.0,0.1999999999999318,2.9,104
68,20,21.5,1009.9,601.4,0.0,1.1999999999999993,5,0.5999999999999979,0.2999999999999545,3.9,95
69,21,22.0,1010.2,62.99,0.0,1.3000000000000007,7,0.5,0.3000000000000682,4.2,89
70,22,22.4,1010.8,-3.54,0.0,0.6999999999999993,4,0.3999999999999986,0.5999999999999089,3.6000000000000005,106
71,23,22.6,1011.5,-3.54,0.0,0.6999999999999993,4,0.3999999999999986,0.7000000000000455,2.0,100
72,0,22.8,1012.2,-3.53,0.0,0.5999999999999979,2,0.1999999999999993,0.7000000000000455,2.0,97
73,1,23.0,1012.6,-3.5,0.0,0.5999999999999979,2,0.3000000000000007,0.3999999999999773,3.4000000000000004,99
74,2,22.9,1012.6,-3.53,0.0,0.3999999999999986,1,0.3999999999999986,0.10000000000002274,4.2,108
75,3,22.6,1012.2,-3.53,0.0,0.4000000000000021,1,0.5,0.5,3.1,113
76,4,22.6,1011.7,-2.83,0.0,0.3999999999999986,2,0.1999999999999993,0.5999999999999089,2.6000000000000005,137
77,5,22.6,1011.0,-3.24,0.0,1.6000000000000014,8,0.3000000000000007,0.7000000000000455,3.0,198
78,6,22.4,1010.9,-3.44,0.0,0.6000000000000014,2,0.4000000000000021,0.10000000000002274,1.6,186
79,7,22.3,1010.9,-3.19,0.0,0.3000000000000007,1,0.3000000000000007,0.10000000000002274,1.2000000000000002,183
80,8,21.9,1011.5,-3.52,0.0,0.5999999999999979,2,0.5999999999999979,0.6000000000000227,2.3,185
81,9,21.8,1011.9,5.21,0.0,0.3000000000000007,1,0.1999999999999993,0.3999999999999773,1.5,177
82,10,22.1,1012.9,275.0,0.0,1.599999999999998,6,0.5999999999999979,1.0,2.7,179
83,11,22.0,1013.6,1003.0,0.0,1.8000000000000007,9,0.8999999999999986,0.8000000000000682,3.1000000000000005,152
84,12,21.6,1014.1,1171.0,0.0,1.2000000000000028,6,1.0,0.5,3.4000000000000004,160
85,13,21.2,1014.0,1494.0,0.0,1.8000000000000007,8,1.8000000000000007,0.10000000000002274,5.199999999999998,167
86,14,21.1,1013.4,1726.0,0.0,2.3000000000000007,10,1.6999999999999993,0.7000000000000455,3.7,137
87,15,21.3,1012.4,1375.0,0.0,2.0,7,1.6999999999999993,1.0,4.1000000000000005,124
88,16,21.2,1011.3,1630.0,0.0,2.1000000000000014,8,1.3999999999999986,1.1000000000000227,4.6,107
89,17,21.6,1010.4,1709.0,0.0,1.3999999999999986,5,1.1999999999999993,0.8999999999999773,4.499999999999999,112
90,18,21.5,1010.0,1654.0,0.0,1.1000000000000014,4,1.0,0.3999999999999773,4.6,107
91,19,21.3,1009.9,1294.0,0.0,0.8000000000000007,5,0.8999999999999986,0.20000000000004547,3.9,96
92,20,21.5,1010.2,668.6,0.0,1.2999999999999972,6,0.5,0.3000000000000682,3.5,99
93,21,22.0,1010.5,69.13,0.0,1.1000000000000014,6,0.6000000000000014,0.2999999999999545,4.800000000000002,99
94,22,22.4,1011.0,-3.54,0.0,0.6000000000000014,3,0.2999999999999972,0.5,3.0,84
95,23,22.5,1011.6,-3.54,0.0,0.5,2,0.4000000000000021,0.6000000000000227,2.4,102
96,0,22.7,1012.1,-3.53,0.0,0.5,3,0.3000000000000007,0.5,2.6,102
97,1,22.8,1012.3,-3.53,0.0,0.2999999999999972,2,0.2999999999999972,0.2999999999999545,2.5,103
98,2,22.9,1012.3,-3.53,0.0,0.1999999999999993,1,0.3000000000000007,0.10000000000002274,1.8,104
99,3,22.7,1012.1,-3.4,0.0,0.3000000000000007,2,0.1999999999999993,0.2999999999999545,2.6,102
100,4,22.7,1011.7,-2.86,0.0,0.5,2,0.2999999999999972,0.3999999999999773,2.9000000000000004,110
101,5,22.4,1011.0,-3.4,0.0,0.2999999999999972,2,0.5,0.7000000000000455,3.0,133
102,6,22.5,1010.6,-3.1,0.0,0.3999999999999986,2,0.3000000000000007,0.3999999999999773,3.7,147
103,7,22.5,1010.5,-3.09,0.0,1.400000000000002,6,0.3000000000000007,0.3000000000000682,2.9,177
104,8,22.6,1010.6,-3.42,0.0,0.5,3,0.3000000000000007,0.20000000000004547,1.2000000000000002,174
105,9,22.2,1010.6,4.755,0.0,0.5,1,0.5,0.2999999999999545,1.7,173
106,10,22.3,1011.3,219.3,0.0,1.400000000000002,5,0.4000000000000021,0.6999999999999318,2.4,170
107,11,23.2,1011.9,912.9,0.0,2.5,8,0.8999999999999986,0.6000000000000227,3.7,151
108,12,22.5,1012.1,1203.0,0.0,2.1000000000000014,9,1.1000000000000014,0.3000000000000682,3.5,145
109,13,20.5,1011.9,1695.0,0.0,1.8000000000000007,14,2.8999999999999986,0.3000000000000682,5.5,141
110,14,20.2,1011.7,2272.0,0.0,2.6000000000000014,11,2.0,0.2999999999999545,6.6000000000000005,133
111,15,19.7,1011.0,2320.0,0.0,1.1999999999999993,8,2.3000000000000007,0.7000000000000455,5.700000000000001,121
112,16,20.4,1010.4,2245.0,0.0,0.8000000000000007,8,2.1000000000000014,0.6000000000000227,4.9,107
113,17,20.9,1009.7,2028.0,0.0,0.8999999999999986,5,1.1999999999999993,0.7999999999999545,5.5,98
114,18,21.4,1009.3,1716.0,0.0,0.5999999999999979,4,1.1999999999999993,0.3999999999999773,5.699999999999998,96
115,19,21.5,1009.3,1320.0,0.0,0.8000000000000007,5,0.8999999999999986,0.2999999999999545,5.199999999999998,103
116,20,22.1,1009.4,683.6,0.0,1.1999999999999993,7,0.6999999999999993,0.20000000000004547,4.5,102
117,21,22.5,1010.0,71.35,0.0,1.099999999999998,7,0.5,0.6000000000000227,4.1,90
118,22,22.8,1010.5,-3.54,0.0,0.3000000000000007,1,0.3000000000000007,0.5,2.9,96
119,23,23.0,1011.0,-3.54,0.0,0.3999999999999986,2,0.3999999999999986,0.6000000000000227,2.3,102
120,0,23.0,1011.8,-3.54,0.0,0.1999999999999993,2,0.1999999999999993,0.7999999999999545,2.2,105
121,1,22.7,1011.8,-3.22,0.0,0.3999999999999986,1,0.3999999999999986,0.10000000000002274,2.9000000000000004,103
122,2,22.6,1011.8,-3.41,0.0,0.3999999999999986,1,0.3000000000000007,0.1999999999999318,1.7999999999999998,104
123,3,22.9,1011.4,-3.15,0.0,0.3999999999999986,2,0.3999999999999986,0.3999999999999773,2.7,117
124,4,22.4,1010.9,-2.08,0.0,0.3000000000000007,3,0.5,0.5,2.4000000000000004,109
125,5,22.5,1010.3,-2.47,0.0,0.1999999999999993,2,0.20000000000000284,0.6000000000000227,3.3,132
126,6,22.4,1009.8,-3.29,0.0,1.2999999999999972,7,0.3999999999999986,0.5,3.6,196
127,7,22.6,1010.1,-3.52,0.2,0.7000000000000028,4,0.4000000000000021,0.3000000000000682,2.8000000000000003,183
128,8,22.3,1010.4,-3.35,0.0,0.3999999999999986,1,0.3000000000000007,0.3999999999999773,1.5,177
129,9,22.0,1010.5,5.688,0.0,0.4000000000000021,1,0.5,0.3000000000000682,2.0,181
130,10,22.2,1011.1,295.1,0.0,1.6000000000000014,7,0.6000000000000014,0.6000000000000227,1.6,180
131,11,20.8,1011.5,986.9,0.0,1.8000000000000007,15,1.5,0.3999999999999773,4.300000000000002,147
132,12,21.2,1011.4,1379.0,0.0,1.1999999999999993,7,1.3000000000000007,0.20000000000004547,4.8,148
133,13,20.6,1011.5,1857.0,0.0,1.2000000000000028,6,1.3000000000000007,0.10000000000002274,4.0,165
134,14,21.5,1010.7,2092.0,0.0,2.1000000000000014,8,1.400000000000002,0.7999999999999545,4.7,147
135,15,19.9,1009.9,1718.0,0.0,1.6999999999999993,9,2.6000000000000014,0.8000000000000682,5.1,170
136,16,19.0,1009.1,2024.0,0.0,1.599999999999998,9,2.1000000000000014,0.7999999999999545,5.2,116
137,17,21.5,1008.5,1802.0,0.0,1.2000000000000028,11,3.0999999999999983,0.6000000000000227,4.6,106
138,18,20.9,1008.1,1722.0,0.0,1.0,5,1.400000000000002,0.5,4.1000000000000005,98
139,19,20.8,1008.3,1272.0,0.0,1.0,5,1.0,0.1999999999999318,4.4,89
140,20,20.8,1008.5,688.1,0.0,1.3999999999999986,5,1.0,0.20000000000004547,4.4,89
141,21,21.5,1008.9,74.74,0.0,1.1999999999999993,8,0.8000000000000007,0.3999999999999773,4.9,100
142,22,21.7,1009.4,-3.54,0.0,0.5,2,0.1999999999999993,0.5,4.0,100
143,23,22.2,1010.1,-3.53,0.0,0.6000000000000014,4,0.5999999999999979,0.7000000000000455,3.3000000000000003,114
144,0,22.5,1010.7,-3.36,0.0,0.4000000000000021,2,0.5,0.6000000000000227,2.2,138
145,1,22.7,1010.7,-3.34,0.0,0.7000000000000028,3,0.5,0.1999999999999318,2.2,122
146,2,22.6,1010.8,-3.45,0.0,0.5,3,0.3000000000000007,0.1999999999999318,4.0,121
147,3,22.5,1010.5,-3.53,0.0,0.1999999999999993,1,0.1999999999999993,0.2999999999999545,2.9000000000000004,118
148,4,22.0,1010.2,-3.54,0.0,0.3999999999999986,3,0.6000000000000014,0.3999999999999773,3.2,127
149,5,22.2,1009.6,-3.52,0.0,1.5,8,0.3000000000000007,0.6000000000000227,3.4000000000000004,187
150,6,22.3,1009.3,-3.35,0.0,0.6999999999999993,4,0.3999999999999986,0.3000000000000682,1.2999999999999998,174
151,7,22.6,1009.5,-3.12,0.0,0.3999999999999986,1,0.4000000000000021,0.20000000000004547,1.5,170
152,8,21.5,1010.1,-3.12,0.0,0.3000000000000007,5,1.0,0.6000000000000227,2.5,171
153,9,20.1,1010.3,5.547999999999999,0.0,0.6999999999999993,4,1.5,0.1999999999999318,2.8,171
154,10,19.6,1010.6,300.9,0.0,1.3000000000000007,8,0.8000000000000007,0.3000000000000682,2.4,176
155,11,19.3,1011.1,994.9,0.0,1.3999999999999986,8,0.8999999999999986,0.5,4.2,166
156,12,19.5,1011.2,1373.0,0.0,1.3999999999999986,5,1.2000000000000028,0.10000000000002274,3.5000000000000004,169
157,13,19.5,1010.9,1933.0,0.0,2.200000000000003,10,1.7000000000000028,0.3000000000000682,4.9,164
158,14,19.2,1010.6,2183.0,0.0,1.2999999999999972,9,1.900000000000002,0.2999999999999545,5.1,131
159,15,18.5,1009.8,2271.0,0.0,1.599999999999998,6,1.5,0.8000000000000682,5.2,98
160,16,19.1,1009.1,2213.0,0.0,0.6999999999999993,6,1.8000000000000007,0.6999999999999318,4.7,108
161,17,18.5,1008.7,1998.0,0.0,1.5,6,1.8999999999999984,0.3999999999999773,5.6,108
162,18,18.6,1008.4,1537.0,0.0,1.3000000000000007,5,1.5,0.40000000000009095,4.5,110
163,19,19.6,1008.7,1319.0,0.0,0.8999999999999986,6,1.3000000000000007,0.3000000000000682,4.800000000000002,108
164,20,20.6,1009.2,660.9,0.0,1.900000000000002,10,1.2000000000000028,0.5,4.699999999999998,115
165,21,21.7,1009.5,72.58,0.0,1.0,9,1.1999999999999993,0.2999999999999545,4.4,111
166,22,21.9,1009.9,-3.54,0.0,0.3000000000000007,2,0.4000000000000021,0.3999999999999773,3.3,94
167,23,22.3,1010.2,-3.47,0.0,0.3000000000000007,2,0.5,0.3000000000000682,3.6,100
168,0,22.7,1010.7,-3.51,0.0,0.4000000000000021,1,0.5,0.5,2.6,120
169,1,23.0,1010.8,-3.14,0.0,0.3000000000000007,2,0.5,0.1999999999999318,2.5,119
170,2,23.8,1010.9,-2.9,0.0,0.3000000000000007,3,0.6999999999999993,0.10000000000002274,2.8000000000000003,101
171,3,23.3,1010.6,-3.01,0.0,0.2999999999999972,3,0.6999999999999993,0.2999999999999545,3.2,96
172,4,22.7,1010.1,-3.46,0.0,0.3000000000000007,4,0.5,0.5,3.8,102
173,5,23.4,1009.8,-3.48,0.2,0.3000000000000007,4,0.7999999999999972,0.3999999999999773,3.2,116
174,6,23.7,1009.5,-2.93,1.2,1.6999999999999993,8,1.3999999999999986,0.3999999999999773,6.8,134
175,7,23.4,1009.5,-2.78,0.2,0.6000000000000014,2,0.6999999999999993,0.20000000000004547,5.2,185
176,8,22.3,1010.1,-0.53,7.4,1.1999999999999993,2,1.3000000000000007,0.7000000000000455,6.200000000000001,112
177,9,22.8,1010.2,15.06,6.2,0.5,2,0.6999999999999993,0.2999999999999545,7.4,163
178,10,23.5,1010.9,172.7,0.4,0.8000000000000007,1,0.6000000000000014,0.6999999999999318,2.8,161
179,11,23.0,1011.4,545.8,0.0,1.8000000000000007,11,0.8999999999999986,0.5,3.3999999999999995,149
180,12,21.2,1011.7,1127.0,0.0,1.1999999999999993,15,2.5,0.3000000000000682,5.2,162
181,13,21.3,1011.7,1883.0,0.0,1.8000000000000007,10,1.3000000000000007,0.09999999999990904,4.199999999999998,161
182,14,21.4,1011.2,2281.0,0.0,1.5,8,1.3999999999999986,0.5,4.800000000000002,157
183,15,20.2,1010.8,1403.0,0.0,1.5,5,1.5,0.40000000000009095,4.699999999999998,150
184,16,21.2,1010.1,2178.0,0.0,1.599999999999998,7,1.6000000000000014,0.6999999999999318,4.7,134
185,17,20.6,1009.4,1636.0,0.0,1.2000000000000028,8,2.0,0.7000000000000455,3.9,102
186,18,20.1,1009.3,1711.0,0.0,0.6999999999999993,4,1.400000000000002,0.10000000000002274,4.1,101
187,19,19.8,1009.6,1313.0,0.0,0.7999999999999972,4,1.1000000000000014,0.3999999999999773,5.3,103
188,20,20.4,1010.2,709.1,0.0,1.400000000000002,7,1.1000000000000014,0.6000000000000227,3.5,95
189,21,21.3,1010.5,77.52,0.0,1.2999999999999972,9,1.0,0.2999999999999545,4.6,97
190,22,22.1,1011.0,-3.54,0.0,0.3000000000000007,4,0.8000000000000007,0.5,3.2,106
191,23,22.6,1011.2,-3.53,0.0,0.3000000000000007,3,0.6999999999999993,0.20000000000004547,2.7,83
192,0,23.0,1011.7,-3.3,0.0,0.3999999999999986,2,0.5,0.5,2.4000000000000004,104
193,23,22.4,1011.5,-3.54,0.0,0.3000000000000007,1,0.20000000000000284,0.3999999999999773,3.0,100
194,22,22.4,1011.1,-3.54,0.0,0.4000000000000021,1,0.1999999999999993,0.5,3.1,93
195,21,22.4,1010.6,73.64,0.0,1.1000000000000014,8,0.8999999999999986,0.3000000000000682,4.6,94
196,20,21.7,1010.3,674.3,0.0,1.3000000000000007,8,1.099999999999998,0.6999999999999318,3.9,100
197,19,20.8,1009.6,1297.0,0.0,0.6000000000000014,3,0.9000000000000021,0.3999999999999773,3.4,93
198,18,21.1,1009.3,1702.0,0.0,1.0,4,1.1999999999999993,0.2999999999999545,5.299999999999999,98
199,17,21.4,1009.4,2018.0,0.0,0.9000000000000021,6,1.3000000000000007,0.6000000000000227,4.4,101
200,16,21.0,1010.0,2285.0,0.0,0.9000000000000021,6,1.2999999999999972,0.7999999999999545,4.300000000000002,100
201,15,20.7,1010.8,2165.0,0.0,1.6000000000000014,8,2.5,0.5999999999999089,4.0,106
202,14,19.7,1011.3,2279.0,0.0,1.1000000000000014,9,2.1999999999999997,0.40000000000009095,5.1,127
203,13,20.8,1011.7,1344.0,0.0,1.5,7,1.7000000000000028,0.2999999999999545,4.8,151
204,12,21.4,1011.9,770.9,0.0,1.400000000000002,8,1.6999999999999993,0.20000000000004547,4.7,132
205,11,22.3,1011.9,928.1,0.0,2.599999999999998,11,0.6999999999999993,0.5,3.1,161
206,10,22.1,1011.4,187.6,0.0,0.8000000000000007,1,0.5999999999999979,0.6000000000000227,1.2000000000000002,187
207,9,21.7,1010.8,6.097,0.0,0.5,2,0.2999999999999972,0.2999999999999545,1.7999999999999998,174
208,8,21.8,1010.6,-3.37,0.0,1.599999999999998,7,0.1999999999999993,0.5,2.9,193
209,7,21.8,1010.1,-1.33,0.0,0.5,4,0.8999999999999986,0.1999999999999318,3.9,150
210,6,22.8,1010.3,-2.28,0.0,0.3000000000000007,3,0.5,0.1999999999999318,3.2,126
211,5,23.3,1010.4,-2.17,0.0,0.3000000000000007,2,0.6999999999999993,0.6000000000000227,2.3999999999999995,103
212,4,22.6,1011.0,-3.07,0.0,0.3999999999999986,1,0.5999999999999979,0.3999999999999773,4.0,113
213,3,23.1,1011.4,-2.19,0.0,0.1999999999999993,2,0.3999999999999986,0.5,4.1,111
214,2,23.4,1011.9,-1.99,0.0,0.5999999999999979,1,0.6000000000000014,0.10000000000002274,3.6,99
215,1,23.0,1012.0,-3.48,0.0,0.3999999999999986,3,0.3999999999999986,0.2999999999999545,1.9,99
216,0,22.7,1011.8,-3.54,0.0,0.5,2,0.5,0.3999999999999773,2.2,91
217,1,22.6,1012.0,-3.54,0.0,0.5,2,0.3000000000000007,0.20000000000004547,2.8,94
218,2,22.2,1012.0,-3.54,0.0,0.8000000000000007,2,0.5,0.20000000000004547,3.4,111
219,3,22.3,1011.5,-3.54,0.0,0.8999999999999986,4,0.3999999999999986,0.6000000000000227,1.4,174
220,4,22.3,1011.0,-3.29,0.0,0.8000000000000007,4,0.3999999999999986,0.6000000000000227,0.9,161
221,5,22.5,1010.6,-2.73,0.0,0.3000000000000007,2,0.3000000000000007,0.3999999999999773,0.6,199
222,6,22.7,1010.4,-1.66,0.0,0.1999999999999993,1,0.3000000000000007,0.20000000000004547,0.8,213
223,7,22.5,1010.2,-2.5,0.0,0.5,1,0.3999999999999986,0.1999999999999318,1.0,169
224,8,22.1,1010.3,-2.48,0.0,0.4000000000000021,0,0.3999999999999986,0.2999999999999545,0.8,189
225,9,22.4,1010.6,7.271,0.0,0.1999999999999993,1,0.3999999999999986,0.3000000000000682,1.0,181
226,10,22.8,1011.0,290.9,0.0,2.1000000000000014,9,1.1999999999999993,0.5,1.2000000000000002,177
227,11,21.8,1011.7,915.5,0.0,2.0,13,1.400000000000002,0.7999999999999545,3.0,140
228,12,20.4,1012.0,1352.0,0.0,1.3999999999999986,13,2.1000000000000014,0.2999999999999545,4.9,157
229,13,19.8,1011.6,1921.0,0.0,1.0,7,2.1999999999999997,0.3999999999999773,4.2,180
230,14,19.6,1011.2,2211.0,0.0,1.3000000000000007,7,2.099999999999998,0.3999999999999773,3.9,182
231,15,19.4,1010.8,1955.0,0.0,1.6000000000000014,6,1.8000000000000007,0.40000000000009095,3.7,136
232,16,20.5,1010.2,1524.0,0.0,1.5,9,2.6999999999999997,0.5999999999999089,3.7,110
233,17,21.5,1009.4,1941.0,0.0,2.099999999999998,10,1.5,0.8000000000000682,4.199999999999998,104
234,18,21.5,1009.0,1728.0,0.0,1.5,4,1.6999999999999993,0.5,4.4,106
235,19,21.9,1009.2,1038.0,0.0,1.6999999999999993,7,1.3999999999999986,0.20000000000004547,3.9,100
236,20,22.7,1009.5,620.4,0.0,0.8000000000000007,7,0.8999999999999986,0.3999999999999773,4.9,111
237,21,23.0,1010.1,61.26,0.0,0.8000000000000007,5,0.3999999999999986,0.6000000000000227,4.4,109
238,22,22.8,1010.4,-3.07,0.0,0.5,2,0.3000000000000007,0.3999999999999773,5.6,109
239,23,22.4,1010.9,-2.82,0.0,0.1999999999999993,2,0.4000000000000021,0.5,5.9,110
240,0,22.8,1011.4,-2.21,0.0,0.3000000000000007,3,0.6000000000000014,0.5,4.6,110
241,1,22.8,1011.4,-3.06,0.2,0.8999999999999986,4,0.3999999999999986,0.10000000000002274,5.4,107
242,2,22.0,1011.3,-1.42,0.0,0.3000000000000007,5,0.9000000000000021,0.10000000000002274,5.9,103
243,3,22.3,1010.9,-1.66,0.0,0.5,2,0.2999999999999972,0.3999999999999773,4.4,103
244,4,21.0,1010.2,-2.63,0.0,0.5999999999999979,5,1.400000000000002,0.6999999999999318,6.3,100
245,5,21.0,1009.6,-2.57,0.0,0.1999999999999993,3,0.6000000000000014,0.6000000000000227,5.4,119
246,6,20.7,1009.4,-2.13,0.0,0.3000000000000007,3,0.7999999999999972,0.3000000000000682,5.199999999999998,121
247,7,20.9,1009.6,-2.47,0.0,0.3000000000000007,3,0.7999999999999972,0.3000000000000682,4.2,122
248,8,20.0,1009.9,-3.1,0.0,3.1999999999999997,13,0.8000000000000007,0.3999999999999773,8.5,126
249,9,20.7,1010.3,1.846,0.0,0.3000000000000007,3,0.6999999999999993,0.3999999999999773,1.4,190
250,10,21.5,1010.9,206.6,0.0,1.599999999999998,6,1.1000000000000014,0.6000000000000227,1.4,182
251,11,21.7,1011.6,785.7,0.0,2.3000000000000007,8,1.1000000000000014,0.7000000000000455,2.8000000000000003,170
252,12,20.9,1011.8,1313.0,0.0,1.6000000000000014,10,1.599999999999998,0.1999999999999318,5.0,167
253,13,20.1,1011.7,1876.0,0.0,1.5,9,2.0,0.1999999999999318,5.0,155
254,14,19.7,1011.2,1532.0,0.0,1.0,5,1.6999999999999993,0.5,4.0,166
255,15,20.3,1010.5,1449.0,0.0,0.8999999999999986,6,1.6000000000000014,0.7000000000000455,5.2,143
256,16,21.2,1009.8,1221.0,0.0,1.1999999999999993,8,1.6999999999999993,0.7000000000000455,3.9,102
257,17,20.8,1009.5,1223.0,0.0,1.3999999999999986,4,1.1999999999999993,0.3999999999999773,4.300000000000002,102
258,18,21.5,1009.0,781.8,0.0,1.0,5,1.099999999999998,0.5,5.1,98
259,19,21.5,1008.8,967.4,0.0,1.1999999999999993,5,1.8000000000000007,0.2999999999999545,4.1,93
260,20,22.6,1009.3,461.4,0.0,1.6000000000000014,12,1.3000000000000007,0.5,6.6000000000000005,110
261,21,22.2,1009.5,40.8,0.0,0.4000000000000021,3,0.7999999999999972,0.2999999999999545,5.799999999999999,109
262,22,22.2,1010.1,-3.22,0.0,0.3999999999999986,6,0.7999999999999972,0.6000000000000227,4.8,98
263,23,23.0,1011.1,-3.28,0.4,1.6999999999999993,17,1.8999999999999984,1.0,5.4,93
264,0,22.7,1011.5,-2.27,0.0,0.7000000000000028,2,0.5,0.3999999999999773,4.5,101
265,1,22.9,1011.5,-1.16,8.8,0.7999999999999972,3,0.3999999999999986,0.2999999999999545,4.1,102
266,2,22.9,1011.4,-0.11,1.8,0.3000000000000007,0,0.3000000000000007,0.3000000000000682,6.9,120
267,3,22.6,1011.4,0.2,2.2,0.4000000000000021,0,0.3999999999999986,0.2999999999999545,5.500000000000001,107
268,4,22.7,1010.9,-0.15,0.2,0.1999999999999993,0,0.1999999999999993,0.6000000000000227,6.9,129
269,5,21.9,1010.8,-0.18,10.2,0.9000000000000021,1,0.8000000000000007,0.3999999999999773,5.5,74
270,6,21.0,1011.0,1.517,15.4,1.099999999999998,1,1.0,1.0,8.7,76
271,7,20.9,1010.9,1.317,6.0,0.4000000000000021,1,0.3000000000000007,0.20000000000004547,6.5,47
272,8,21.4,1011.3,1.5490000000000002,0.8,0.5,0,0.5,0.3999999999999773,1.6,124
273,9,21.0,1011.7,4.672,3.8,0.5999999999999979,1,0.5,0.40000000000009095,5.1,150
274,10,21.1,1012.5,60.8,5.4,0.3999999999999986,0,0.3999999999999986,0.7999999999999545,2.3,173
275,11,21.5,1012.7,197.3,6.4,0.6000000000000014,1,0.7000000000000028,0.3999999999999773,3.0,227
276,12,22.3,1012.8,571.1,0.4,1.1000000000000014,2,0.8000000000000007,0.2999999999999545,1.7999999999999998,209
277,13,22.5,1012.7,639.2,2.6,0.5,3,0.8000000000000007,0.1999999999999318,2.0,187
278,14,22.7,1012.1,1605.0,0.0,3.0,13,1.400000000000002,0.6000000000000227,3.6,138
279,15,21.7,1011.1,1524.0,0.0,0.8999999999999986,8,1.5,1.0,5.1000000000000005,134
280,16,22.4,1010.6,1047.0,0.0,0.5,4,1.1000000000000014,0.5,5.2,101
281,17,21.9,1009.9,745.5,0.0,0.9000000000000021,9,1.3999999999999986,0.7000000000000455,5.1,125
282,18,22.4,1009.4,697.1,0.0,0.5,6,0.8000000000000007,0.5,4.199999999999998,108
283,19,22.8,1009.6,369.6,0.0,0.7000000000000028,5,0.5,0.20000000000004547,5.3,108
284,20,22.1,1010.2,214.7,0.0,0.3000000000000007,2,0.7999999999999972,0.6000000000000227,4.1,94
285,21,22.6,1010.6,21.02,0.0,0.3000000000000007,4,0.8000000000000007,0.3999999999999773,3.1000000000000005,77
286,22,23.0,1011.1,-1.62,0.0,0.20000000000000284,2,0.3999999999999986,0.5,2.6000000000000005,83
287,23,22.7,1011.8,-2.04,0.0,0.20000000000000284,2,0.3000000000000007,0.6999999999999318,3.5,84
288,0,22.9,1012.2,-1.43,0.0,0.20000000000000284,1,0.2999999999999972,0.40000000000009095,2.8,100
289,1,22.6,1012.2,-0.91,0.4,0.3999999999999986,2,0.3999999999999986,0.2999999999999545,2.5,91
290,2,23.0,1012.1,-1.9,0.0,0.7000000000000028,4,0.6000000000000014,0.20000000000004547,2.9000000000000004,100
291,3,22.3,1011.8,0.457,4.6,1.3999999999999986,3,1.1000000000000014,0.7000000000000455,5.5,153
292,4,22.5,1011.3,0.196,1.0,0.1999999999999993,1,0.1999999999999993,0.5,4.8,145
293,5,22.1,1010.6,1.626,0.8,0.3999999999999986,1,0.5,0.6999999999999318,4.9,142
294,6,22.3,1010.2,1.671,0.0,0.1999999999999993,1,0.1999999999999993,0.3999999999999773,1.9,202
295,7,22.3,1010.1,1.356,0.2,0.1999999999999993,0,0.3000000000000007,0.2999999999999545,2.4000000000000004,174
296,8,22.5,1010.6,1.652,1.0,0.2999999999999972,0,0.3000000000000007,0.5,2.2,92
297,9,22.7,1010.9,10.39,7.0,0.20000000000000284,0,0.3000000000000007,0.3999999999999773,3.4,181
298,10,23.1,1011.4,118.3,7.8,0.5,1,0.4000000000000021,0.5,3.2,151
299,11,23.2,1012.4,298.5,6.6,0.5,1,0.6000000000000014,1.0,3.2,142
300,12,24.2,1012.7,1013.0,0.4,1.7999999999999972,4,1.3000000000000007,0.3000000000000682,2.9,172
301,13,22.6,1012.4,1094.0,0.0,2.1000000000000014,15,2.0,0.3000000000000682,4.1000000000000005,129
302,14,23.6,1012.1,755.1,0.8,2.1999999999999997,14,1.3999999999999986,0.2999999999999545,6.1000000000000005,109
303,15,23.7,1011.3,1387.0,0.0,2.0,12,1.6000000000000014,0.8000000000000682,3.4,116
304,16,22.8,1010.8,1468.0,0.6,2.5,15,2.5,0.5999999999999089,4.6,108
305,17,23.2,1010.1,515.8,5.2,4.0,19,1.099999999999998,0.6999999999999318,7.5,171
306,18,23.4,1009.7,1407.0,0.0,3.899999999999999,18,2.1000000000000014,0.3999999999999773,3.3999999999999995,88
307,19,23.6,1009.6,980.0,0.0,1.1999999999999993,4,1.2000000000000028,0.20000000000004547,3.3000000000000003,82
308,20,23.4,1010.2,420.7,0.0,1.1999999999999993,6,0.7000000000000028,0.6000000000000227,4.5,100
309,21,23.4,1010.4,42.96,0.0,0.3000000000000007,2,0.3000000000000007,0.2999999999999545,4.800000000000002,93
310,22,22.8,1011.6,-1.04,14.0,2.099999999999998,7,1.0,1.2000000000000457,4.5,100
311,23,22.3,1012.5,3.404,18.4,0.8000000000000007,1,0.6999999999999993,1.0,6.7,117
312,0,22.7,1012.9,3.037,1.6,0.8999999999999986,1,0.8000000000000007,0.5,3.6,139
313,1,22.2,1013.3,3.5,3.6,0.5,0,0.5,0.3999999999999773,4.8,135
314,2,22.3,1013.2,3.584,4.8,0.1999999999999993,0,0.1999999999999993,0.1999999999999318,4.1,155
315,3,22.6,1012.7,4.077,7.0,0.2999999999999972,1,0.3000000000000007,0.5,4.3,134
316,4,22.5,1012.2,4.9430000000000005,4.8,0.2999999999999972,1,0.3000000000000007,0.5,6.5,121
317,5,22.2,1011.8,6.224,8.6,0.1999999999999993,0,0.3000000000000007,0.40000000000009095,2.8,122
318,6,21.9,1011.0,7.174,5.6,0.3999999999999986,0,0.3999999999999986,0.7999999999999545,2.9,154
319,7,22.2,1010.6,7.49,1.0,0.3999999999999986,0,0.4000000000000021,0.3999999999999773,1.6,164
320,8,22.3,1011.0,6.472,0.0,0.20000000000000284,0,0.10000000000000142,0.3999999999999773,2.4,166
321,9,22.3,1011.8,7.516,0.4,0.10000000000000142,1,0.0,0.7999999999999545,2.3,156
322,10,22.5,1013.0,33.88,0.0,0.1999999999999993,0,0.1999999999999993,1.2000000000000457,3.2,152
323,11,22.2,1013.3,140.3,1.8,0.10000000000000142,1,0.3000000000000007,0.3999999999999773,4.1,160
324,12,22.8,1013.6,344.3,0.2,0.6999999999999993,0,0.6999999999999993,0.5,3.0,137
325,13,22.7,1013.4,874.7,0.2,1.7000000000000028,9,1.1000000000000014,0.20000000000004547,2.3000000000000003,144
326,14,22.2,1012.7,1313.0,0.0,1.7000000000000028,10,1.2999999999999972,0.6999999999999318,4.199999999999998,139
327,15,22.4,1012.0,1175.0,0.0,1.2999999999999972,6,0.9000000000000021,0.7000000000000455,5.000000000000001,115
328,16,22.4,1011.2,1678.0,0.0,1.7000000000000028,7,1.3000000000000007,0.7999999999999545,4.3,110
329,17,21.6,1010.5,1423.0,0.0,0.6999999999999993,7,1.3999999999999986,0.7000000000000455,5.000000000000001,122
330,18,22.1,1010.0,1632.0,0.0,1.099999999999998,7,1.1000000000000014,0.5,7.200000000000001,124
331,19,21.9,1010.3,1021.0,0.0,1.7000000000000028,7,1.5,0.2999999999999545,5.3,108
332,20,22.2,1010.8,332.9,0.0,1.1999999999999993,7,0.5,0.5,5.2,115
333,21,22.3,1011.2,33.74,0.0,0.6999999999999993,4,0.1999999999999993,0.5,4.4,123
334,22,22.2,1011.7,-3.35,0.0,0.6000000000000014,3,0.1999999999999993,0.5,3.2,130
335,23,22.1,1012.4,-3.4,0.0,0.5,2,0.3000000000000007,0.6999999999999318,3.3,138
336,0,21.8,1012.8,-2.59,0.0,0.2999999999999972,2,0.4000000000000021,0.3999999999999773,2.9,115
337,1,21.6,1012.8,-3.16,0.0,0.5999999999999979,4,0.6000000000000014,0.2999999999999545,3.6000000000000005,116
338,2,21.9,1012.4,-1.18,0.0,0.8999999999999986,4,0.5,0.3999999999999773,4.4,115
339,3,22.1,1012.2,-1.98,0.0,0.3000000000000007,1,0.3000000000000007,0.1999999999999318,3.5,120
340,4,21.5,1011.7,-0.94,0.0,0.3000000000000007,4,0.6000000000000014,0.5,4.2,133
341,5,21.6,1011.1,-1.79,0.0,0.3999999999999986,2,0.1999999999999993,0.6000000000000227,3.6,149
342,6,21.1,1010.8,-3.39,0.0,0.8000000000000007,1,0.5999999999999979,0.40000000000009095,3.5,135
343,7,20.8,1010.9,-3.52,0.0,1.1999999999999993,4,0.6999999999999993,0.10000000000002274,3.7,159
344,8,20.8,1010.9,-3.35,0.0,0.3000000000000007,2,0.4000000000000021,0.20000000000004547,2.7,155
345,9,21.0,1011.3,7.362999999999999,0.0,0.5999999999999979,2,0.3999999999999986,0.3999999999999773,2.8000000000000003,163
346,10,20.9,1011.8,296.6,0.0,0.8999999999999986,5,0.3999999999999986,0.5,1.5,170
347,11,21.1,1012.5,893.1,0.0,2.1000000000000014,9,0.6999999999999993,0.7000000000000455,3.1000000000000005,141
348,12,20.3,1012.8,1289.0,0.0,1.3999999999999986,10,1.099999999999998,0.2999999999999545,4.0,146
349,13,20.4,1012.6,1941.0,0.0,1.900000000000002,8,1.0,0.2999999999999545,4.8,132
350,14,20.6,1012.0,2319.0,0.0,2.1000000000000014,7,1.8000000000000007,0.6000000000000227,7.000000000000001,124
351,15,20.9,1011.5,2565.0,0.0,1.1999999999999993,8,1.6999999999999993,0.5,5.9,102
352,16,20.9,1010.8,2254.0,0.0,0.8000000000000007,5,1.1999999999999993,0.7000000000000455,5.3,106
353,17,20.6,1010.2,1998.0,0.0,0.7999999999999972,4,1.1999999999999993,0.5999999999999089,5.1000000000000005,106
354,18,20.7,1010.0,1717.0,0.0,1.0,6,1.7000000000000028,0.20000000000004547,5.3,105
355,19,21.7,1010.2,1273.0,0.0,0.8000000000000007,7,1.1999999999999993,0.3000000000000682,5.1000000000000005,114
356,20,21.9,1010.6,678.2,0.0,1.099999999999998,6,0.5999999999999979,0.5,4.2,110
357,21,22.4,1011.2,77.32,0.0,0.8999999999999986,6,0.5,0.6000000000000227,5.0,104
358,22,22.5,1011.7,-3.5,0.0,0.5,2,0.3000000000000007,0.5,4.2,104
359,23,23.0,1012.2,-3.52,0.0,0.5,3,0.6000000000000014,0.5,3.8,105
360,0,23.1,1012.7,-3.3,0.2,1.8999999999999984,8,0.8999999999999986,0.5,4.7,116
361,1,22.9,1013.0,-1.9,0.4,0.5999999999999979,3,0.4000000000000021,0.2999999999999545,4.1,138
362,2,22.8,1012.8,-3.13,0.8,0.6999999999999993,1,0.6000000000000014,0.3000000000000682,3.7,108
363,3,23.2,1012.5,-0.15,0.0,0.3999999999999986,2,0.5,0.3999999999999773,4.8,110
364,4,22.6,1011.9,-0.29,3.2,1.1999999999999993,2,0.8999999999999986,0.7000000000000455,7.2,144
365,5,22.9,1011.2,0.034,3.6,0.3000000000000007,1,0.3999999999999986,0.6999999999999318,4.5,123
366,6,22.7,1010.8,1.777,2.0,0.1999999999999993,0,0.1999999999999993,0.40000000000009095,6.699999999999998,133
367,7,22.7,1010.7,1.5490000000000002,0.0,0.09999999999999787,0,0.1999999999999993,0.09999999999990904,3.3,149
368,8,22.5,1011.1,0.805,0.0,0.3000000000000007,0,0.3000000000000007,0.5,2.4,152
369,9,22.0,1011.4,11.68,0.0,0.3000000000000007,2,0.6000000000000014,0.2999999999999545,2.8,160
370,10,21.7,1012.2,314.9,0.0,1.3000000000000007,8,0.5999999999999979,0.8000000000000682,2.2,158
371,11,21.3,1012.7,916.0,0.0,1.3000000000000007,9,0.8000000000000007,0.5,3.4,129
372,12,21.3,1013.1,1311.0,0.0,1.5,8,0.9000000000000021,0.3999999999999773,3.9,134
373,13,21.4,1012.9,1966.0,0.0,1.2999999999999972,6,1.3000000000000007,0.20000000000004547,4.6,132
374,14,20.8,1012.5,1419.0,0.0,2.200000000000003,9,1.1999999999999993,0.5,5.2,104
375,15,21.9,1011.8,1455.0,0.0,1.5,10,2.099999999999998,0.7000000000000455,4.7,123
376,16,22.3,1011.3,1018.0,0.6,2.9000000000000017,16,2.6999999999999997,0.5999999999999089,5.199999999999998,166
377,17,21.6,1010.3,1090.0,0.0,2.3000000000000007,12,1.1999999999999993,1.0,3.7,115
378,18,21.7,1009.9,962.9,0.0,1.6000000000000014,7,2.200000000000003,0.3999999999999773,5.0,122
379,19,21.6,1010.1,635.1,0.0,0.2999999999999972,4,0.8000000000000007,0.20000000000004547,4.2,131
380,20,21.9,1010.7,208.5,0.0,0.6999999999999993,4,0.5,0.6000000000000227,2.7,124
381,21,22.1,1011.5,30.83,0.0,0.5,4,0.3000000000000007,0.7999999999999545,2.5000000000000004,127
382,22,22.4,1012.1,-2.63,0.0,1.0,5,0.8999999999999986,0.6000000000000227,4.1,134
383,23,22.1,1012.6,-1.38,0.0,0.4000000000000021,3,0.5999999999999979,0.5,4.3,141
384,23,22.6,1012.6,-2.23,0.0,0.1999999999999993,2,0.3000000000000007,0.8000000000000682,0.8,130
385,0,22.3,1013.4,-1.26,0.0,0.5999999999999979,5,0.5,0.7999999999999545,2.4000000000000004,170
386,1,21.9,1013.3,-2.05,0.2,1.400000000000002,5,0.8000000000000007,0.2999999999999545,5.4,194
387,2,21.7,1013.4,-0.39,0.8,0.3999999999999986,1,0.4000000000000021,0.3999999999999773,3.6,130
388,3,21.7,1012.3,-1.27,0.8,0.20000000000000284,1,0.1999999999999993,1.1000000000000227,3.0,190
389,4,22.1,1011.9,-1.17,0.0,0.3000000000000007,1,0.4000000000000021,0.3999999999999773,2.0,183
390,5,22.0,1011.6,0.138,0.2,0.3999999999999986,0,0.3000000000000007,0.3999999999999773,3.2,132
391,6,21.9,1011.3,0.193,0.8,0.3000000000000007,1,0.1999999999999993,0.3000000000000682,2.6,125
392,7,22.0,1011.2,1.591,0.6,0.09999999999999787,0,0.20000000000000284,0.1999999999999318,3.2,135
393,8,21.8,1011.1,1.156,0.6,0.2999999999999972,0,0.1999999999999993,0.1999999999999318,3.6,162
394,9,21.9,1011.3,9.396,0.2,0.1999999999999993,0,0.1999999999999993,0.1999999999999318,1.0000000000000002,177
395,10,22.4,1011.9,118.7,0.0,0.6999999999999993,0,0.7000000000000028,0.6000000000000227,2.2,158
396,11,23.2,1012.5,369.2,0.0,1.099999999999998,2,0.8000000000000007,0.6000000000000227,1.2999999999999998,180
397,12,22.7,1012.8,1054.0,0.0,2.3000000000000007,14,1.1999999999999993,0.2999999999999545,2.4000000000000004,154
398,13,22.1,1012.6,1450.0,0.0,1.1999999999999993,7,1.3000000000000007,0.2999999999999545,3.9,160
399,14,21.7,1012.5,956.6,0.0,1.099999999999998,6,1.5,0.10000000000002274,4.199999999999998,151
400,15,21.5,1012.0,752.5,0.0,1.6999999999999993,6,1.6000000000000014,0.5,5.1,146
401,16,21.8,1011.6,1143.0,0.0,2.1999999999999997,9,1.1000000000000014,0.5,2.9,130
402,17,23.5,1010.9,796.6,1.8,4.300000000000002,23,2.1000000000000014,0.7000000000000455,6.3,184
403,18,22.4,1010.4,921.0,0.0,2.1000000000000014,15,1.7000000000000028,0.5,2.6,159
404,19,22.2,1010.5,767.2,0.0,1.3999999999999986,6,1.3000000000000007,0.10000000000002274,2.7,129
405,20,21.8,1010.9,548.1,0.0,1.1999999999999993,4,1.1000000000000014,0.3999999999999773,2.7,92
406,21,22.2,1011.1,53.08,0.0,1.400000000000002,8,0.5,0.3000000000000682,4.1,125
407,22,22.3,1011.8,-2.5,0.0,0.6999999999999993,4,0.3999999999999986,0.6999999999999318,2.4000000000000004,132
408,23,22.7,1012.1,-1.94,0.0,0.1999999999999993,2,0.3000000000000007,0.8000000000000682,2.9000000000000004,121
409,0,22.9,1013.2,0.209,0.0,0.09999999999999787,1,0.2999999999999972,0.6000000000000227,1.2,169
410,1,22.9,1013.5,-0.12,0.0,0.2999999999999972,1,0.09999999999999787,0.2999999999999545,1.1,144
411,2,22.9,1013.4,-0.35,0.0,0.3000000000000007,2,0.1999999999999993,0.20000000000004547,0.6,185
412,3,22.9,1012.9,-2.03,0.0,0.3999999999999986,1,0.1999999999999993,0.5,1.0000000000000002,177
413,4,22.7,1012.4,-1.45,0.0,0.3000000000000007,0,0.3000000000000007,0.6000000000000227,2.0,174
414,5,22.6,1011.8,-1.31,0.0,0.3000000000000007,1,0.3000000000000007,0.6000000000000227,0.9000000000000001,177
415,6,22.7,1011.5,-1.26,0.0,0.3000000000000007,1,0.1999999999999993,0.2999999999999545,1.5,168
416,7,22.5,1011.4,0.179,0.0,0.1999999999999993,0,0.1999999999999993,0.10000000000002274,2.5,171
417,8,22.2,1011.5,-0.59,0.0,0.4000000000000021,0,0.3000000000000007,0.20000000000004547,1.9,174
418,9,22.3,1012.1,5.6960000000000015,0.0,0.1999999999999993,0,0.1999999999999993,0.6000000000000227,1.8,179
419,10,23.1,1012.7,230.6,0.0,1.1999999999999993,2,0.8999999999999986,0.6000000000000227,1.8,190
420,11,22.6,1013.4,417.5,0.0,1.0,6,0.7999999999999972,0.6999999999999318,2.7,164
421,12,23.1,1013.9,602.6,0.2,0.3999999999999986,4,0.8000000000000007,0.5,3.3000000000000003,176
422,13,23.4,1013.6,1358.0,0.0,3.6999999999999993,16,1.7000000000000028,0.3999999999999773,3.3000000000000003,131
423,14,23.4,1013.1,1470.0,0.0,2.3999999999999986,12,1.3999999999999986,0.5,3.6,148
424,15,21.4,1012.3,1866.0,0.0,1.1000000000000014,11,2.6000000000000014,0.8000000000000682,3.8,123
425,16,21.6,1011.4,2235.0,0.0,0.8000000000000007,6,1.6999999999999993,0.8999999999999773,3.8,111
426,17,22.0,1010.6,2003.0,0.0,1.0,6,1.6999999999999993,0.7999999999999545,5.1000000000000005,99
427,18,22.2,1010.3,1683.0,0.0,0.8000000000000007,5,1.099999999999998,0.3999999999999773,5.0,91
428,19,22.6,1010.2,1274.0,0.0,1.3999999999999986,7,0.8000000000000007,0.09999999999990904,4.1,95
429,20,22.6,1010.5,630.8,0.0,1.3000000000000007,8,1.1000000000000014,0.3999999999999773,3.8,106
430,21,22.9,1010.8,79.42,0.0,1.3000000000000007,7,0.3999999999999986,0.2999999999999545,3.7,102
431,22,23.0,1011.3,-3.34,0.0,0.4000000000000021,2,0.3000000000000007,0.5,3.3000000000000003,120
432,11,21.7,1013.1,881.7,0.0,1.5,11,1.0,0.6000000000000227,2.9000000000000004,174
433,0,22.5,1012.7,-3.3,0.0,0.7999999999999972,2,0.3999999999999986,0.6000000000000227,3.6000000000000005,120
434,1,22.5,1012.8,-3.52,0.0,0.8000000000000007,5,0.4000000000000021,0.1999999999999318,2.3000000000000003,126
435,2,23.0,1012.8,-1.78,0.0,0.2999999999999972,2,0.5,0.1999999999999318,1.4,221
436,3,22.8,1012.4,-1.43,0.0,0.3000000000000007,0,0.4000000000000021,0.3999999999999773,1.1,185
437,4,23.2,1011.8,-2.09,0.0,0.5999999999999979,1,0.6000000000000014,0.6000000000000227,4.7,150
438,5,22.7,1011.2,-2.36,0.0,0.6999999999999993,5,0.5,0.5999999999999089,2.0,139
439,6,22.4,1011.1,-2.67,0.0,1.1000000000000014,4,0.3999999999999986,0.10000000000002274,2.9000000000000004,176
440,7,22.7,1011.4,-0.33,0.8,0.20000000000000284,2,0.4000000000000021,0.3999999999999773,2.1,189
441,8,22.3,1011.6,-1.89,0.0,0.5,1,0.3999999999999986,0.20000000000004547,2.3,173
442,9,21.9,1011.9,5.424,0.2,0.4000000000000021,0,0.5,0.2999999999999545,3.3,173
443,10,22.1,1012.5,270.2,0.0,1.599999999999998,7,0.5,0.6000000000000227,2.2,157
444,12,22.4,1013.4,1334.0,0.0,1.6999999999999993,6,1.3000000000000007,0.2999999999999545,5.0,169
445,13,21.9,1013.2,1794.0,0.0,1.7000000000000028,9,1.5,0.1999999999999318,4.799999999999999,178
446,14,21.0,1012.9,1925.0,0.0,1.8000000000000007,8,2.5,0.3000000000000682,5.199999999999998,145
447,15,20.2,1012.1,2092.0,0.0,1.6999999999999993,8,1.8999999999999984,0.7999999999999545,4.6,139
448,16,21.6,1011.4,1819.0,0.0,2.1000000000000014,9,2.1999999999999997,0.7000000000000455,3.9,114
449,17,22.1,1010.9,1737.0,0.0,2.1000000000000014,9,1.8000000000000007,0.5,3.7,93
450,18,22.1,1010.3,1728.0,0.0,0.8000000000000007,4,1.3000000000000007,0.6000000000000227,3.5,73
451,19,21.9,1010.2,1321.0,0.0,1.5,5,1.1000000000000014,0.1999999999999318,2.5,83
452,20,22.0,1010.2,699.4,0.0,0.9000000000000021,5,0.7999999999999972,0.10000000000002274,4.1000000000000005,82
453,21,22.5,1010.7,83.09,0.0,2.1999999999999997,10,0.6000000000000014,0.5,3.4,83
454,22,22.4,1011.2,-3.54,0.0,0.7999999999999972,3,0.3000000000000007,0.5,2.3,102
455,23,22.5,1011.7,-3.54,0.0,0.9000000000000021,5,0.1999999999999993,0.5,2.5,197
456,11,19.4,1013.5,906.8,0.0,1.5,11,1.0,0.7000000000000455,4.4,152
457,0,22.7,1012.0,-3.48,0.0,0.5999999999999979,3,0.6000000000000014,0.3999999999999773,1.3,167
458,1,22.7,1012.5,-3.14,0.0,0.5,2,0.3999999999999986,0.5,1.0,172
459,2,22.6,1012.5,-2.7,0.0,0.3000000000000007,1,0.3000000000000007,0.20000000000004547,0.9,184
460,3,22.8,1012.3,-2.09,0.0,0.3999999999999986,1,0.3000000000000007,0.20000000000004547,0.7,192
461,4,22.6,1012.0,-1.6,0.0,0.6999999999999993,3,0.6999999999999993,0.3999999999999773,1.9,170
462,5,23.0,1011.5,-1.68,0.0,0.3000000000000007,1,0.5,0.5,0.8999999999999999,189
463,6,22.6,1011.3,-0.86,0.0,0.6999999999999993,1,0.6000000000000014,0.20000000000004547,2.1,159
464,7,22.2,1011.4,-2.33,0.0,0.5999999999999979,1,0.5,0.10000000000002274,1.0,170
465,8,22.1,1011.7,-2.14,0.0,0.3000000000000007,1,0.3000000000000007,0.3000000000000682,1.2,201
466,9,21.7,1012.3,5.441,0.0,0.5,1,0.5,0.5999999999999089,0.8,189
467,10,20.3,1012.8,255.9,0.0,1.5,15,1.8000000000000007,0.5999999999999089,3.1,162
468,12,20.8,1013.5,1291.0,0.0,1.6999999999999993,4,1.400000000000002,0.20000000000004547,4.8,162
469,13,19.5,1013.4,1890.0,0.0,1.1000000000000014,8,1.3000000000000007,0.10000000000002274,5.9,149
470,14,19.5,1012.8,2105.0,0.0,1.1999999999999993,5,1.3999999999999986,0.6000000000000227,4.4,152
471,15,20.2,1012.2,2099.0,0.0,1.5,5,1.5,0.5999999999999089,4.799999999999999,140
472,16,19.1,1011.5,1982.0,0.0,1.1000000000000014,5,1.6999999999999993,0.7000000000000455,5.6000000000000005,125
473,17,20.1,1010.9,1690.0,0.0,1.3999999999999986,8,2.0,0.6000000000000227,5.0,104
474,18,20.9,1011.0,1699.0,0.0,1.5,9,1.400000000000002,0.10000000000002274,5.5,95
475,19,21.6,1011.3,1327.0,0.0,0.8000000000000007,6,1.0,0.2999999999999545,6.4,103
476,20,21.8,1011.6,702.8,0.0,1.099999999999998,6,0.5,0.3000000000000682,4.999999999999999,105
477,21,22.2,1012.0,84.25,0.0,0.9000000000000021,6,0.5,0.3999999999999773,4.6,102
478,22,22.4,1012.2,-3.54,0.0,0.3999999999999986,3,0.3999999999999986,0.3999999999999773,3.4000000000000004,100
479,23,22.6,1012.7,-3.54,0.0,0.3000000000000007,2,0.3000000000000007,0.5,2.6,104
480,21,22.5,1012.2,83.59,0.0,1.2999999999999972,8,0.5,0.10000000000002274,4.0,114
481,0,23.0,1013.1,-3.52,0.0,0.5,4,0.5,0.5,3.6000000000000005,125
482,1,22.8,1013.4,-3.29,0.0,0.3999999999999986,2,0.1999999999999993,0.2999999999999545,2.2,116
483,2,22.6,1013.6,-3.39,0.0,0.5,3,0.4000000000000021,0.3000000000000682,3.1,112
484,3,21.7,1013.4,-2.49,0.0,0.3000000000000007,5,1.0,0.20000000000004547,4.199999999999998,115
485,4,21.2,1013.1,-3.52,0.0,0.7000000000000028,2,0.5999999999999979,0.2999999999999545,4.199999999999998,124
486,5,20.9,1012.7,-3.52,0.0,0.6999999999999993,2,0.3999999999999986,0.3999999999999773,4.6,138
487,6,20.5,1012.5,-3.52,0.0,1.0,5,0.6999999999999993,0.20000000000004547,4.4,162
488,7,20.6,1012.7,-3.54,0.0,1.1999999999999993,6,0.1999999999999993,0.2999999999999545,2.6,172
489,8,19.1,1013.1,-3.54,0.0,0.3999999999999986,6,1.3999999999999986,0.3999999999999773,4.1,151
490,9,18.4,1013.6,2.47,0.0,0.5999999999999979,2,0.6999999999999993,0.5,3.9,166
491,10,18.3,1014.0,255.6,0.0,1.099999999999998,6,0.3000000000000007,0.3999999999999773,4.7,164
492,22,22.8,1012.5,-3.54,0.0,0.5999999999999979,3,0.3000000000000007,0.2999999999999545,3.9,112
493,23,23.0,1013.2,-3.54,0.0,0.3000000000000007,2,0.3000000000000007,0.7000000000000455,2.6,119
494,11,17.9,1014.5,914.4,0.0,2.1000000000000014,10,0.8000000000000007,0.6000000000000227,4.800000000000002,171
495,12,17.3,1014.5,1297.0,0.0,2.0,10,1.3000000000000007,0.20000000000004547,4.300000000000002,156
496,13,18.0,1014.4,1906.0,0.0,1.5,5,1.6000000000000014,0.20000000000004547,4.5,160
497,14,19.1,1014.0,2145.0,0.0,1.5,5,1.1999999999999993,0.3999999999999773,6.699999999999998,142
498,15,19.5,1013.1,2293.0,0.0,1.3999999999999986,5,1.3999999999999986,0.8999999999999773,7.3,142
499,16,19.0,1012.3,2067.0,0.0,0.9000000000000021,4,1.5,0.900000000000091,6.4,142
500,17,20.6,1011.6,1946.0,0.0,1.1000000000000014,6,1.2999999999999972,0.6999999999999318,6.699999999999998,104
501,18,21.7,1011.5,1600.0,0.0,1.099999999999998,5,1.1999999999999993,0.20000000000004547,5.0,104
502,19,21.7,1011.8,1303.0,0.0,0.9000000000000021,5,0.8999999999999986,0.2999999999999545,4.1,109
503,20,21.9,1012.1,690.9,0.0,1.5,7,0.7000000000000028,0.40000000000009095,4.8,107
504,12,18.0,1015.0,1181.0,0.0,2.6999999999999997,16,1.6999999999999993,0.20000000000004547,5.3,165
505,15,18.6,1013.9,2257.0,0.0,1.8000000000000007,8,1.5,0.5,5.7,139
506,14,19.1,1014.4,2094.0,0.0,1.1999999999999993,5,1.3999999999999986,0.5,5.6000000000000005,143
507,13,18.5,1014.9,1942.0,0.0,1.1999999999999993,4,1.3999999999999986,0.3000000000000682,5.2,139
508,16,18.3,1013.3,2289.0,0.0,1.400000000000002,8,1.5,0.6000000000000227,6.5,146
509,11,19.4,1015.2,613.8,0.0,1.6999999999999993,8,1.0,0.5,3.4,167
510,10,19.4,1014.7,180.6,0.0,0.6999999999999993,4,0.3000000000000007,0.7000000000000455,3.3,159
511,9,19.4,1014.0,1.978,0.0,0.1999999999999993,1,0.1999999999999993,0.3999999999999773,2.5,166
512,8,19.3,1013.7,-3.54,0.0,0.6999999999999993,1,0.5,0.7000000000000455,3.8,156
513,7,19.6,1013.0,-3.54,0.0,0.7000000000000028,11,2.1999999999999997,0.3999999999999773,3.3,176
514,6,21.7,1012.8,-3.5,0.0,0.5,4,0.6999999999999993,0.5999999999999089,2.7,179
515,5,22.2,1012.3,-3.53,0.0,0.9000000000000021,2,0.6999999999999993,0.7000000000000455,2.1,172
516,4,22.8,1013.0,-3.44,0.0,0.3999999999999986,1,0.3000000000000007,0.5,1.3000000000000005,198
517,3,23.1,1013.5,-3.49,0.0,0.3999999999999986,2,0.3999999999999986,0.2999999999999545,0.7,195
518,2,23.0,1013.8,-2.86,0.0,1.0,2,0.5,0.1999999999999318,2.5,185
519,1,23.3,1013.9,-3.11,0.0,0.1999999999999993,1,0.3999999999999986,0.3999999999999773,2.6,146
520,0,23.0,1013.6,-3.54,0.0,0.3000000000000007,2,0.3000000000000007,0.3999999999999773,2.2,115
521,23,21.8,1013.4,-3.37,0.0,1.1000000000000014,4,0.3999999999999986,0.6000000000000227,2.0,187
522,22,22.1,1012.8,-3.26,0.0,0.3999999999999986,5,0.8000000000000007,0.09999999999990904,3.1,134
523,21,21.2,1012.8,51.13,0.0,1.2999999999999972,10,1.1999999999999993,0.1999999999999318,5.4,109
524,20,20.0,1012.6,614.1,0.0,1.7000000000000028,6,1.1000000000000014,0.20000000000004547,4.199999999999998,115
525,19,20.6,1012.5,1316.0,0.0,0.6999999999999993,3,1.1000000000000014,0.3999999999999773,3.4,107
526,18,20.7,1012.1,1444.0,0.0,1.1999999999999993,12,3.6999999999999993,0.3999999999999773,5.3,111
527,17,18.4,1012.5,1830.0,0.0,1.1999999999999993,6,1.6999999999999993,0.7999999999999545,5.5,156
528,0,22.4,1013.8,-2.74,0.0,0.5,4,0.5999999999999979,0.3999999999999773,1.1,185
529,15,18.7,1012.5,2200.0,0.0,1.6000000000000014,7,1.599999999999998,0.6000000000000227,4.699999999999998,143
530,14,18.6,1013.1,2120.0,0.0,1.0,8,2.0,0.5,4.199999999999998,166
531,16,18.4,1011.5,2229.0,0.0,1.5,6,1.5,1.0,5.3,165
532,17,20.1,1010.6,1994.0,0.0,0.8999999999999986,8,2.200000000000003,0.8999999999999773,3.9,133
533,18,20.5,1010.4,1724.0,0.0,1.099999999999998,7,1.2000000000000028,0.3000000000000682,4.6,84
534,19,20.4,1010.6,1182.0,0.0,1.8000000000000007,6,0.8999999999999986,0.3000000000000682,3.9,102
535,20,20.6,1010.6,689.1,0.0,0.9000000000000021,4,0.6999999999999993,0.20000000000004547,3.8,93
536,21,21.3,1011.0,80.01,0.0,1.1999999999999993,8,0.6999999999999993,0.3999999999999773,4.4,92
537,22,22.1,1011.3,-3.54,0.0,0.4000000000000021,4,0.8000000000000007,0.2999999999999545,3.9,101
538,23,22.4,1012.1,-3.42,0.0,0.1999999999999993,2,0.6000000000000014,0.8000000000000682,3.3000000000000003,105
539,13,19.3,1013.6,1887.0,0.0,1.7999999999999972,10,1.3000000000000007,0.3999999999999773,4.9,171
540,12,19.9,1013.9,1272.0,0.0,1.099999999999998,4,1.0,0.3000000000000682,4.199999999999998,141
541,11,19.9,1014.0,879.0,0.0,1.900000000000002,11,0.9000000000000021,0.2999999999999545,2.9,184
542,10,20.2,1013.7,241.7,0.0,1.1999999999999993,5,0.6999999999999993,0.6000000000000227,2.6,186
543,9,19.9,1013.1,2.347,0.0,0.1999999999999993,4,0.8000000000000007,0.5,2.3000000000000003,175
544,8,20.7,1012.7,-3.53,0.0,0.4000000000000021,1,0.6000000000000014,0.3000000000000682,1.7999999999999998,192
545,7,21.1,1012.4,-3.54,0.0,1.1999999999999993,7,0.3000000000000007,0.10000000000002274,2.4,189
546,6,21.0,1012.4,-3.54,0.0,1.099999999999998,4,0.4000000000000021,0.20000000000004547,5.1,191
547,5,21.1,1012.6,-3.54,0.0,0.5,2,0.3999999999999986,0.7999999999999545,5.0,139
548,4,21.4,1013.4,-3.5,0.0,0.5,2,0.6000000000000014,0.3999999999999773,3.4,124
549,3,21.9,1013.8,-3.5,0.0,0.2999999999999972,5,0.9000000000000021,0.40000000000009095,3.6,119
550,2,22.8,1014.1,-3.29,0.0,0.3999999999999986,1,0.3000000000000007,0.10000000000002274,3.2,113
551,1,22.8,1014.1,-1.09,0.0,1.400000000000002,5,0.8000000000000007,0.3000000000000682,2.1,111
552,12,20.7,1012.3,1188.0,0.0,1.6000000000000014,9,0.8999999999999986,0.1999999999999318,5.6,134
553,14,19.9,1011.6,2246.0,0.0,1.3000000000000007,7,1.1999999999999993,0.6000000000000227,6.1,115
554,21,21.0,1009.2,88.67,0.0,1.1000000000000014,11,1.5,0.3000000000000682,4.4,99
555,20,19.4,1008.9,712.7,0.0,1.1999999999999993,7,1.2000000000000028,0.1999999999999318,4.4,115
556,19,19.2,1008.8,1321.0,0.0,0.9000000000000021,6,1.400000000000002,0.1999999999999318,5.0,109
557,18,19.0,1008.7,1717.0,0.0,0.6999999999999993,5,1.5,0.5999999999999089,5.0,113
558,17,19.2,1009.3,1943.0,0.0,0.8000000000000007,5,1.8999999999999984,0.8000000000000682,6.5,113
559,16,20.7,1010.1,2071.0,0.0,1.0,6,1.900000000000002,0.6999999999999318,5.7,104
560,15,20.0,1010.8,2341.0,0.0,0.8999999999999986,6,1.3999999999999986,0.8000000000000682,5.6,112
561,22,21.2,1009.7,-3.54,0.0,0.3000000000000007,2,0.3000000000000007,0.5,4.8,99
562,23,21.3,1010.1,-3.54,0.0,0.3999999999999986,3,0.3999999999999986,0.3999999999999773,3.0,91
563,0,22.1,1012.3,-3.54,0.0,0.7000000000000028,1,0.3999999999999986,0.2999999999999545,4.4,113
564,1,22.0,1012.2,-3.53,0.0,0.8999999999999986,4,0.3000000000000007,0.1999999999999318,3.2,169
565,2,22.1,1012.2,-3.53,0.0,0.9000000000000021,5,0.3999999999999986,0.10000000000002274,1.4,197
566,3,22.0,1011.8,-3.38,0.0,0.5,2,0.4000000000000021,0.40000000000009095,0.7,195
567,4,22.3,1011.5,-3.0,0.0,0.4000000000000021,2,0.5,0.2999999999999545,0.8,178
568,5,21.9,1011.0,-2.76,0.0,0.3000000000000007,2,0.5,0.5,1.4,176
569,6,22.0,1010.8,-3.0,0.0,0.4000000000000021,1,0.3000000000000007,0.20000000000004547,1.4,174
570,7,21.9,1010.7,-3.35,0.0,0.1999999999999993,1,0.3000000000000007,0.09999999999990904,2.5,173
571,8,21.5,1010.9,-3.53,0.0,0.5,1,0.6000000000000014,0.1999999999999318,2.6,172
572,9,20.8,1011.3,3.055,0.0,0.3000000000000007,4,0.6999999999999993,0.3999999999999773,2.4000000000000004,170
573,10,21.0,1011.9,186.1,0.0,0.8000000000000007,3,0.1999999999999993,0.6000000000000227,2.1,175
574,11,20.9,1012.1,791.6,0.0,1.900000000000002,9,0.5,0.20000000000004547,3.9,154
575,13,19.8,1012.2,1685.0,0.0,2.0,11,1.8999999999999984,0.1999999999999318,5.3,128
576,0,21.0,1010.6,-3.54,0.0,0.7000000000000028,2,0.5,0.5,2.4,101
577,23,22.2,1010.7,-3.54,0.0,0.1999999999999993,1,0.1999999999999993,0.6000000000000227,3.1,108
578,22,22.1,1010.1,-3.54,0.0,0.5999999999999979,4,0.4000000000000021,0.8000000000000682,4.199999999999998,96
579,21,21.7,1009.3,89.67,0.0,1.2999999999999972,8,0.8999999999999986,0.3999999999999773,4.0,99
580,20,20.9,1008.9,706.7,0.0,1.0,6,0.8000000000000007,0.2999999999999545,5.0,108
581,19,20.7,1008.7,1315.0,0.0,0.5999999999999979,4,1.0,0.1999999999999318,6.6,118
582,18,20.6,1008.7,1715.0,0.0,1.0,6,1.0,0.2999999999999545,5.8,108
583,17,19.6,1008.9,2024.0,0.0,0.6999999999999993,4,0.9000000000000021,0.8999999999999773,5.800000000000002,108
584,16,19.7,1009.8,1843.0,0.0,1.1999999999999993,5,1.6000000000000014,0.7000000000000455,5.300000000000002,103
585,15,19.5,1010.4,2178.0,0.0,1.1000000000000014,5,1.3000000000000007,0.3999999999999773,5.4,127
586,14,20.5,1010.8,2214.0,0.0,1.400000000000002,10,2.1999999999999997,0.6000000000000227,4.9,130
587,13,21.2,1011.4,1539.0,0.0,2.400000000000002,12,1.1999999999999993,0.40000000000009095,4.800000000000002,147
588,12,21.9,1011.7,1020.0,0.0,1.3999999999999986,7,0.7999999999999972,0.2999999999999545,4.5,151
589,11,22.0,1011.5,623.8,0.0,1.0,4,0.6000000000000014,0.7999999999999545,3.7,170
590,10,21.8,1010.7,221.2,0.0,1.5,6,0.3999999999999986,0.6000000000000227,3.2,173
591,9,21.4,1010.2,2.44,0.0,0.20000000000000284,1,0.3000000000000007,0.40000000000009095,2.2,173
592,8,21.6,1009.8,-3.08,0.0,0.3999999999999986,1,0.2999999999999972,0.1999999999999318,1.9,175
593,7,21.7,1009.6,-3.44,0.0,0.5,1,0.3999999999999986,0.20000000000004547,1.6999999999999995,168
594,6,21.6,1009.5,-3.2,0.0,0.3999999999999986,1,0.3000000000000007,0.20000000000004547,1.6,174
595,5,21.7,1009.7,-3.19,0.0,0.5,1,0.6000000000000014,0.3999999999999773,1.0,179
596,4,21.4,1010.0,-3.09,0.0,0.4000000000000021,2,0.5,0.3999999999999773,0.8999999999999999,179
597,3,21.4,1010.4,-3.43,0.0,0.5,2,0.3999999999999986,0.20000000000004547,1.2000000000000002,171
598,2,21.4,1010.5,-3.54,0.0,0.9000000000000021,4,0.2999999999999972,0.2999999999999545,0.8999999999999999,168
599,1,21.2,1010.8,-3.54,0.0,0.7999999999999972,4,0.5,0.2999999999999545,1.3,120
600,22,22.0,1010.8,-3.54,0.0,0.5,3,0.3000000000000007,0.6999999999999318,4.9,117
601,23,22.1,1011.5,-3.54,0.0,0.3000000000000007,2,0.3000000000000007,0.7000000000000455,2.6,133
602,0,22.5,1011.2,-3.54,0.0,0.3999999999999986,3,0.3000000000000007,0.5,2.0,109
603,1,22.5,1011.4,-3.54,0.0,0.1999999999999993,1,0.3000000000000007,0.2999999999999545,2.9,127
604,2,22.7,1011.3,-3.52,0.0,0.5,2,0.3000000000000007,0.10000000000002274,2.7,111
605,3,22.2,1011.0,-3.31,0.0,0.3000000000000007,4,0.5,0.2999999999999545,3.1,112
606,4,21.5,1010.6,-3.51,0.0,0.4000000000000021,3,0.6999999999999993,0.3999999999999773,4.9,122
607,5,21.8,1010.3,-3.44,0.0,0.6000000000000014,4,0.4000000000000021,0.3000000000000682,6.4,150
608,6,21.7,1010.1,-3.51,0.0,1.6999999999999993,8,0.1999999999999993,0.1999999999999318,1.7999999999999998,193
609,7,21.4,1010.4,-3.53,0.0,0.6000000000000014,2,0.3999999999999986,0.2999999999999545,1.4,171
610,8,21.2,1010.7,-3.54,0.0,0.3000000000000007,2,0.3999999999999986,0.3999999999999773,1.9,179
611,9,21.1,1011.0,2.274,0.0,0.10000000000000142,1,0.1999999999999993,0.2999999999999545,2.1,177
612,10,21.4,1011.7,219.2,0.0,1.1999999999999993,4,0.3999999999999986,0.6000000000000227,1.8000000000000005,177
613,11,20.9,1012.3,868.9,0.0,1.900000000000002,11,0.5999999999999979,0.5999999999999089,4.1,150
614,12,18.8,1012.5,1249.0,0.0,1.6000000000000014,15,2.599999999999998,0.20000000000004547,5.199999999999998,141
615,13,18.8,1012.4,1888.0,0.0,1.1999999999999993,5,1.3000000000000007,0.10000000000002274,6.300000000000002,128
616,14,19.6,1012.2,2144.0,0.0,1.599999999999998,6,1.5,0.2999999999999545,6.7,138
617,15,20.2,1011.6,2023.0,0.0,2.0,5,2.1999999999999997,0.6000000000000227,5.0,104
618,16,20.9,1010.9,2241.0,0.0,1.0,5,1.8999999999999984,0.8000000000000682,5.9,110
619,17,20.4,1010.2,2027.0,0.0,1.099999999999998,4,0.8999999999999986,0.7999999999999545,7.1000000000000005,109
620,18,21.1,1009.7,1729.0,0.0,1.1000000000000014,7,0.9000000000000021,0.5,5.9,112
621,19,20.7,1009.8,1316.0,0.0,0.6000000000000014,3,1.0,0.1999999999999318,5.300000000000002,110
622,20,21.0,1010.0,706.4,0.0,1.099999999999998,5,0.7000000000000028,0.20000000000004547,4.9,99
623,21,21.8,1010.1,86.16,0.0,1.1000000000000014,7,0.8000000000000007,0.20000000000004547,4.0,103
624,21,21.9,1010.6,88.84,0.0,1.3000000000000007,8,1.099999999999998,0.3000000000000682,5.4,101
625,23,22.7,1011.4,-3.53,0.0,0.4000000000000021,3,0.3999999999999986,0.3999999999999773,3.0000000000000004,115
626,0,22.0,1011.6,-3.53,0.0,0.8999999999999986,3,0.3000000000000007,0.10000000000002274,2.1,185
627,1,22.2,1011.9,-3.54,0.0,0.8000000000000007,5,0.4000000000000021,0.2999999999999545,1.5,165
628,2,22.7,1012.0,-2.36,0.0,1.6999999999999993,6,0.6999999999999993,0.10000000000002274,2.3000000000000003,115
629,3,22.2,1011.9,-2.58,0.0,0.20000000000000284,5,0.8000000000000007,0.10000000000002274,4.5,109
630,4,21.7,1011.5,-2.18,0.0,0.3000000000000007,3,0.5999999999999979,0.3999999999999773,4.4,117
631,5,21.3,1011.0,-2.78,0.0,0.3999999999999986,2,0.5,0.5,3.7,135
632,6,21.6,1010.7,-3.21,0.0,1.2000000000000028,7,0.3000000000000007,0.2999999999999545,4.3,167
633,7,21.3,1010.8,-3.38,0.0,0.3999999999999986,2,0.3999999999999986,0.1999999999999318,2.0,171
634,8,21.2,1011.2,-3.54,0.0,0.9000000000000021,4,0.10000000000000142,0.40000000000009095,2.1,188
635,9,21.2,1011.7,4.816,0.0,0.1999999999999993,1,0.2999999999999972,0.5,2.0,179
636,10,21.5,1012.1,267.9,0.0,1.599999999999998,6,0.4000000000000021,0.3999999999999773,2.4000000000000004,167
637,11,21.9,1012.7,870.7,0.0,1.6999999999999993,6,0.5999999999999979,0.6000000000000227,3.1,162
638,12,21.8,1013.1,1117.0,0.0,1.1999999999999993,5,0.6999999999999993,0.5,5.1,172
639,13,21.4,1013.0,1670.0,0.0,1.5,8,1.3000000000000007,0.2999999999999545,4.6000000000000005,147
640,14,20.4,1012.7,1487.0,0.0,1.6000000000000014,7,1.8000000000000007,0.3999999999999773,5.4,140
641,15,21.0,1011.9,1094.0,0.0,1.599999999999998,6,1.1000000000000014,0.8000000000000682,5.5,109
642,16,20.9,1011.1,2321.0,0.0,1.6999999999999993,5,1.3999999999999986,0.8999999999999773,7.6,107
643,17,20.8,1010.6,2087.0,0.0,0.8000000000000007,4,1.1999999999999993,0.6000000000000227,6.6,113
644,18,20.4,1010.1,1713.0,0.0,0.9000000000000021,5,1.6000000000000014,0.5,5.4,100
645,19,20.9,1010.1,1333.0,0.0,0.8000000000000007,6,1.0,0.10000000000002274,5.699999999999998,109
646,20,21.3,1010.3,705.3,0.0,0.6999999999999993,5,0.8000000000000007,0.1999999999999318,5.699999999999998,109
647,22,22.3,1011.0,-3.54,0.0,0.3999999999999986,3,0.5,0.3999999999999773,4.800000000000002,107
648,1,22.6,1011.7,-3.03,0.0,0.3000000000000007,2,0.3000000000000007,0.1999999999999318,4.3,110
649,0,22.8,1011.8,-2.67,0.0,0.5999999999999979,3,0.3999999999999986,0.5,2.9,102
650,23,22.1,1011.2,-3.54,0.0,0.1999999999999993,1,0.1999999999999993,0.7000000000000455,3.2,119
651,22,22.3,1010.5,-3.54,0.0,0.5,6,0.9000000000000021,0.3999999999999773,4.1000000000000005,103
652,21,21.4,1010.1,93.57,0.0,1.1000000000000014,7,0.8999999999999986,0.3999999999999773,4.3,102
653,20,20.6,1009.7,721.8,0.0,1.5,8,0.8000000000000007,0.40000000000009095,3.9,109
654,19,20.0,1009.3,1335.0,0.0,1.1999999999999993,8,1.6000000000000014,0.3999999999999773,4.699999999999998,100
655,18,19.6,1008.9,1742.0,0.0,1.1999999999999993,6,1.3000000000000007,0.5,5.6,100
656,17,19.6,1009.4,1924.0,0.0,1.3999999999999986,9,2.8000000000000007,0.6000000000000227,4.699999999999998,101
657,16,17.8,1010.0,1473.0,0.0,1.5,8,2.3000000000000007,0.6000000000000227,6.300000000000002,152
658,15,18.1,1010.6,2261.0,0.0,1.0,5,1.8000000000000007,0.8999999999999773,7.199999999999998,133
659,14,18.1,1011.5,2152.0,0.0,1.099999999999998,6,1.6999999999999993,0.5,6.1,133
660,13,17.8,1012.0,1895.0,0.0,1.6999999999999993,9,1.3999999999999986,0.20000000000004547,7.0,151
661,12,18.5,1012.1,1272.0,0.0,1.8000000000000007,10,1.5,0.3000000000000682,5.199999999999998,166
662,11,19.5,1011.9,904.5,0.0,1.3999999999999986,6,0.6000000000000014,0.6000000000000227,6.4,164
663,10,19.6,1011.3,297.7,0.0,1.400000000000002,5,0.5,0.5,3.5,158
664,9,19.3,1010.8,2.031,0.0,0.5,4,1.0,0.1999999999999318,3.2,164
665,8,20.3,1010.6,-3.54,0.0,0.5999999999999979,1,0.5999999999999979,0.20000000000004547,3.4000000000000004,144
666,7,20.8,1010.4,-3.53,0.0,0.8000000000000007,4,0.1999999999999993,0.10000000000002274,4.699999999999998,161
667,6,20.7,1010.4,-3.28,0.0,0.5,4,0.4000000000000021,0.20000000000004547,5.4,144
668,5,20.7,1010.6,-3.23,0.0,0.3999999999999986,7,1.5,0.1999999999999318,7.0,133
669,4,22.0,1010.8,-2.98,0.0,0.6999999999999993,3,0.5,0.40000000000009095,4.0,125
670,3,22.4,1011.2,-1.68,0.0,0.4000000000000021,2,0.3000000000000007,0.3999999999999773,4.9,115
671,2,22.5,1011.6,-2.15,0.0,0.20000000000000284,2,0.3999999999999986,0.10000000000002274,5.6000000000000005,117
672,23,21.7,1010.8,-2.57,0.0,0.3000000000000007,1,0.3999999999999986,0.6999999999999318,2.7,169
673,22,21.5,1010.1,-2.77,0.0,0.5,3,0.3000000000000007,0.3999999999999773,7.1,158
674,21,21.4,1009.8,35.34,0.0,2.8000000000000007,10,0.7000000000000028,1.0,6.3,123
675,20,21.8,1008.8,313.3,0.0,1.099999999999998,11,1.6000000000000014,0.6000000000000227,6.000000000000001,117
676,19,20.3,1008.3,1286.0,0.0,1.900000000000002,10,1.400000000000002,0.3999999999999773,6.4,103
677,18,19.0,1007.9,1641.0,0.0,1.3999999999999986,5,1.3999999999999986,0.3000000000000682,6.4,117
678,17,19.4,1008.1,1267.0,0.0,2.1000000000000014,9,1.3999999999999986,0.7999999999999545,4.6,129
679,16,19.5,1008.9,2167.0,0.0,1.1000000000000014,5,1.2000000000000028,0.8999999999999773,7.800000000000002,117
680,15,19.2,1009.9,2402.0,0.0,2.0,7,1.599999999999998,1.1000000000000227,7.6,115
681,14,19.2,1010.8,2032.0,0.0,2.3000000000000007,8,1.599999999999998,0.900000000000091,6.300000000000002,152
682,13,20.4,1011.6,1584.0,0.0,1.8000000000000007,7,1.2999999999999972,0.10000000000002274,6.7,136
683,12,20.1,1011.7,1277.0,0.0,1.7999999999999972,5,1.3000000000000007,0.5,5.6,149
684,11,19.3,1011.2,918.7,0.0,1.8999999999999984,7,0.6000000000000014,0.7000000000000455,4.5,160
685,10,19.1,1010.5,235.3,0.0,1.3000000000000007,6,0.3000000000000007,0.7000000000000455,3.3,165
686,9,19.2,1009.8,0.901,0.0,0.2999999999999972,3,0.6000000000000014,0.10000000000002274,2.4000000000000004,166
687,8,19.8,1009.8,-3.54,0.0,0.3000000000000007,4,1.099999999999998,0.2999999999999545,2.6,170
688,7,20.9,1009.6,-3.54,0.0,0.3000000000000007,1,0.5,0.20000000000004547,1.9,172
689,6,21.3,1009.7,-3.54,0.0,0.5,1,0.4000000000000021,0.2999999999999545,2.2,175
690,5,21.6,1010.0,-3.54,0.0,0.8000000000000007,4,0.3000000000000007,0.6000000000000227,2.0,171
691,4,21.7,1010.6,-3.54,0.0,0.8000000000000007,2,0.4000000000000021,0.6999999999999318,3.2,170
692,3,22.0,1011.3,-3.54,0.0,0.1999999999999993,1,0.20000000000000284,0.5,3.3000000000000003,143
693,2,22.0,1011.8,-3.54,0.0,0.3999999999999986,2,0.5,0.20000000000004547,2.8000000000000003,117
694,1,22.5,1012.0,-3.54,0.0,0.3999999999999986,1,0.3000000000000007,0.2999999999999545,3.2,116
695,0,22.6,1011.7,-3.54,0.0,0.3999999999999986,3,0.5,0.5,3.3,121
696,15,20.2,1009.9,1911.0,0.0,1.5,7,1.5,0.8000000000000682,4.799999999999999,126
697,21,22.4,1009.0,53.86,0.0,0.7000000000000028,4,0.3999999999999986,0.6000000000000227,5.499999999999999,112
698,20,22.3,1008.5,579.2,0.0,1.2999999999999972,10,1.3000000000000007,0.3999999999999773,5.4,110
699,19,21.0,1008.2,1270.0,0.0,1.3999999999999986,7,0.8000000000000007,0.3000000000000682,5.499999999999999,106
700,14,19.8,1010.7,2124.0,0.0,1.3000000000000007,6,1.1000000000000014,0.6999999999999318,5.6,130
701,22,22.3,1009.7,-2.14,0.0,0.3999999999999986,3,0.3999999999999986,0.7000000000000455,6.200000000000001,112
702,18,20.5,1008.1,1699.0,0.0,1.1000000000000014,5,0.8000000000000007,0.20000000000004547,5.9,108
703,17,20.9,1008.2,1933.0,0.0,1.2000000000000028,6,1.3000000000000007,0.5999999999999089,9.0,132
704,0,21.6,1011.2,-2.16,0.0,0.09999999999999787,0,0.09999999999999787,0.40000000000009095,2.5,164
705,1,21.5,1011.2,-2.84,0.0,0.3999999999999986,1,0.1999999999999993,0.09999999999990904,2.2,171
706,2,21.3,1011.3,-3.54,0.0,0.6000000000000014,2,0.1999999999999993,0.09999999999990904,1.6,176
707,3,21.3,1010.9,-3.54,0.0,0.6999999999999993,3,0.3000000000000007,0.3999999999999773,1.6999999999999995,179
708,4,21.1,1010.4,-3.54,0.0,0.7000000000000028,2,0.3999999999999986,0.5,1.2,178
709,5,20.5,1009.8,-3.54,0.0,0.7000000000000028,5,0.8999999999999986,0.6000000000000227,2.9000000000000004,161
710,6,19.1,1009.6,-3.54,0.0,0.5,5,1.3999999999999986,0.2999999999999545,5.1000000000000005,157
711,7,18.5,1009.7,-3.54,0.0,0.5,1,0.6000000000000014,0.10000000000002274,5.6000000000000005,161
712,8,18.2,1010.0,-3.54,0.0,0.5,1,0.5,0.2999999999999545,3.4000000000000004,168
713,9,18.4,1010.2,1.125,0.0,0.5,3,0.3999999999999986,0.20000000000004547,3.1,174
714,10,19.1,1010.7,238.1,0.0,1.7999999999999972,6,0.9000000000000021,0.5,5.4,191
715,11,18.8,1011.2,925.5,0.0,2.1000000000000014,10,0.7999999999999972,0.5999999999999089,4.1,181
716,12,19.1,1011.3,1296.0,0.0,2.200000000000003,8,1.0,0.1999999999999318,6.5,163
717,13,19.8,1011.3,1917.0,0.0,1.6999999999999993,4,1.8000000000000007,0.09999999999990904,5.9,137
718,16,20.6,1008.8,2240.0,0.0,1.1999999999999993,7,2.1000000000000014,1.1000000000000227,6.800000000000002,115
719,23,22.5,1010.3,-0.75,0.0,0.5,4,0.5,0.6999999999999318,6.1,112
720,20,20.8,1008.6,672.0,0.0,1.2000000000000028,6,0.6000000000000014,0.40000000000009095,5.800000000000002,110
721,0,22.4,1010.8,-1.23,0.0,0.8000000000000007,4,0.3000000000000007,0.5,6.0,103
722,1,22.4,1011.1,-2.78,0.0,0.6999999999999993,5,0.5,0.3000000000000682,8.6,103
723,12,21.6,1011.4,933.5,0.0,0.8000000000000007,3,0.8999999999999986,0.3999999999999773,6.2,149
724,13,21.0,1011.3,1346.0,0.0,1.8000000000000007,10,1.900000000000002,0.40000000000009095,4.9,121
725,14,20.5,1010.9,1844.0,0.0,1.1999999999999993,6,1.2999999999999972,0.5,5.7,125
726,15,20.0,1010.2,2200.0,0.0,1.5,7,1.7000000000000028,0.7999999999999545,6.299999999999999,126
727,16,18.4,1009.2,2271.0,0.0,1.099999999999998,8,2.3000000000000007,1.0,8.0,129
728,17,20.1,1008.6,2028.0,0.0,0.8999999999999986,8,2.1999999999999997,0.6000000000000227,8.3,113
729,18,21.0,1008.3,1764.0,0.0,0.8000000000000007,7,1.3999999999999986,0.40000000000009095,6.300000000000002,107
730,19,21.0,1008.3,1254.0,0.0,0.8000000000000007,4,0.6999999999999993,0.10000000000002274,5.500000000000001,102
731,21,21.3,1008.9,55.0,0.0,0.9000000000000021,6,0.5,0.2999999999999545,5.4,112
732,22,20.4,1009.5,-3.23,0.0,0.3000000000000007,4,0.9000000000000021,0.6000000000000227,3.8,112
733,23,20.2,1010.1,-1.98,0.0,0.6999999999999993,4,0.6999999999999993,0.6000000000000227,4.1,105
734,3,22.5,1011.0,-2.69,1.2,1.0,5,0.3000000000000007,0.2999999999999545,5.4,110
735,4,22.8,1010.4,-1.43,3.8,0.1999999999999993,2,0.5,0.6000000000000227,4.799999999999999,114
736,5,22.3,1009.5,-1.98,1.4,0.5,0,0.5,0.8999999999999773,5.799999999999999,118
737,6,22.3,1008.7,-1.86,0.2,0.3999999999999986,2,0.3999999999999986,0.7999999999999545,3.8,135
738,7,22.1,1008.9,-0.68,0.0,0.1999999999999993,2,0.3000000000000007,0.1999999999999318,4.5,168
739,8,21.7,1009.2,-0.95,0.0,0.1999999999999993,2,0.6000000000000014,0.5,3.9,175
740,9,20.7,1009.7,5.004,0.0,0.4000000000000021,4,1.0,0.5,3.2,158
741,10,21.0,1010.6,170.1,0.0,0.8000000000000007,3,0.3000000000000007,0.8999999999999773,2.9000000000000004,158
742,11,21.3,1011.1,866.5,0.0,1.8000000000000007,7,0.8000000000000007,0.5,4.9,153
743,2,22.4,1011.1,-1.89,0.0,0.6999999999999993,3,0.3000000000000007,0.20000000000004547,3.7,103
744,1,20.0,1010.8,-1.33,0.0,0.5,3,0.3000000000000007,0.2999999999999545,3.9,107
745,22,22.3,1008.5,-3.54,0.0,0.4000000000000021,1,0.1999999999999993,0.7000000000000455,4.1,110
746,21,22.2,1007.8,102.3,0.0,1.1999999999999993,7,0.5,0.5,4.5,106
747,20,21.9,1007.3,732.9,0.0,1.3000000000000007,7,0.9000000000000021,0.2999999999999545,3.8,98
748,19,21.6,1007.1,1240.0,0.0,1.3000000000000007,8,1.3000000000000007,0.3000000000000682,4.4,109
749,18,21.0,1006.9,1705.0,0.0,0.9000000000000021,6,1.5,0.3999999999999773,5.000000000000001,96
750,17,20.6,1007.3,2042.0,0.0,0.6999999999999993,4,1.400000000000002,0.8000000000000682,4.6,101
751,0,20.2,1010.5,-3.13,0.0,0.5,2,0.1999999999999993,0.3999999999999773,3.8,112
752,15,22.0,1008.8,1879.0,0.0,1.8000000000000007,8,2.0,1.0,4.199999999999998,103
753,14,21.1,1009.7,1903.0,0.0,2.0,7,1.599999999999998,0.6000000000000227,3.9,108
754,13,21.0,1010.2,1632.0,0.0,1.6999999999999993,9,1.599999999999998,0.3999999999999773,3.7,116
755,12,21.1,1010.5,1044.0,0.0,0.8999999999999986,4,0.6000000000000014,0.3999999999999773,4.9,135
756,11,21.0,1010.1,870.0,0.0,1.900000000000002,9,0.6000000000000014,0.3000000000000682,3.8,163
757,10,20.9,1009.9,225.1,0.0,1.3999999999999986,3,0.8999999999999986,0.5,1.5,187
758,9,20.1,1009.5,2.01,0.0,0.6000000000000014,2,0.1999999999999993,0.20000000000004547,2.3,195
759,8,20.3,1009.3,-3.51,0.0,0.3000000000000007,2,0.3000000000000007,0.2999999999999545,2.3,187
760,7,20.2,1009.1,-2.64,0.0,0.3999999999999986,1,0.4000000000000021,0.20000000000004547,1.9,177
761,6,20.4,1009.0,-2.36,0.0,0.5,3,0.09999999999999787,0.2999999999999545,0.9000000000000001,191
762,5,20.3,1009.3,-2.1,0.0,0.6999999999999993,3,0.6000000000000014,0.6000000000000227,1.6,161
763,4,19.7,1009.9,-3.54,0.0,1.1999999999999993,6,0.4000000000000021,0.6000000000000227,3.4,172
764,3,19.5,1010.5,-3.31,0.0,0.8999999999999986,4,0.3999999999999986,0.2999999999999545,3.7,126
765,2,19.7,1010.7,-2.83,0.0,0.6000000000000014,4,0.6000000000000014,0.09999999999990904,5.6,120
766,16,20.2,1008.1,2305.0,0.0,0.9000000000000021,7,2.0,0.6999999999999318,4.9,101
767,23,22.6,1009.2,-3.36,0.0,0.3000000000000007,2,0.4000000000000021,0.7000000000000455,3.0,108
768,15,23.4,1010.6,1365.0,0.6,1.8000000000000007,10,1.2999999999999972,0.3999999999999773,3.7,135
769,0,22.6,1009.5,-2.38,0.0,0.5,3,0.09999999999999787,0.3999999999999773,3.0000000000000004,102
770,1,22.7,1009.6,-2.71,0.0,0.3000000000000007,2,0.5,0.10000000000002274,2.8,98
771,2,22.6,1009.5,-1.96,0.0,0.3999999999999986,3,0.5,0.10000000000002274,5.1,108
772,3,22.3,1009.3,-2.67,0.0,0.3000000000000007,1,0.5,0.20000000000004547,4.1,113
773,4,22.3,1008.6,-2.24,0.0,0.3000000000000007,1,0.3000000000000007,0.6999999999999318,2.4,104
774,5,22.1,1008.1,-3.02,0.0,0.6999999999999993,3,0.2999999999999972,0.6000000000000227,4.7,109
775,6,21.6,1008.0,-3.02,0.0,0.3999999999999986,2,0.5,0.20000000000004547,2.8,113
776,7,20.5,1008.6,-2.85,0.0,1.1000000000000014,4,1.5,0.6000000000000227,3.6,123
777,8,21.3,1009.0,-1.66,0.2,0.8999999999999986,9,0.8999999999999986,0.3999999999999773,5.300000000000002,134
778,9,21.4,1009.6,0.232,0.0,0.2999999999999972,0,0.3000000000000007,0.6000000000000227,2.3,179
779,10,21.2,1010.4,66.37,0.2,0.1999999999999993,1,0.1999999999999993,0.7999999999999545,2.7,179
780,11,22.1,1010.8,236.5,2.2,0.6000000000000014,1,0.9000000000000021,0.3999999999999773,1.5,202
781,12,22.5,1011.1,582.6,0.0,1.0,1,1.099999999999998,0.3000000000000682,2.6,188
782,13,23.2,1011.1,1095.0,0.4,1.2999999999999972,4,1.1999999999999993,0.3999999999999773,3.0,175
783,14,23.1,1011.0,1438.0,0.0,2.0,7,1.1000000000000014,0.20000000000004547,2.9,191
784,16,22.6,1009.9,1657.0,0.8,2.200000000000003,9,1.900000000000002,0.7000000000000455,3.6,140
785,17,22.4,1009.2,1320.0,0.2,2.6000000000000014,13,1.6000000000000014,0.6999999999999318,2.9,118
786,18,22.9,1008.7,1563.0,0.0,1.6000000000000014,8,1.0,0.5,4.4,113
787,19,22.0,1008.4,1263.0,0.0,1.0,7,1.3000000000000007,0.3000000000000682,3.4000000000000004,111
788,20,22.5,1009.0,642.3,0.0,1.400000000000002,9,0.7000000000000028,0.6000000000000227,3.8,115
789,21,22.5,1009.4,57.19,0.0,1.099999999999998,5,0.3000000000000007,0.3999999999999773,4.3,125
790,22,22.6,1009.9,-3.54,0.0,0.4000000000000021,3,0.1999999999999993,0.5,3.0,127
791,23,22.5,1010.3,-3.53,0.0,0.3999999999999986,1,0.1999999999999993,0.3999999999999773,2.5,166
792,16,20.5,1009.7,2223.0,0.0,1.3000000000000007,10,2.1999999999999997,0.5,5.5,115
793,21,22.1,1009.5,110.7,0.0,1.1999999999999993,9,0.8000000000000007,0.5,4.5,96
794,20,21.4,1009.0,765.6,0.0,1.3000000000000007,5,0.6999999999999993,0.20000000000004547,4.7,103
795,19,21.3,1008.9,1372.0,0.0,0.8000000000000007,7,1.7000000000000028,0.10000000000002274,5.199999999999998,105
796,18,20.5,1008.9,1773.0,0.0,0.9000000000000021,9,2.099999999999998,0.20000000000004547,5.9,104
797,17,19.9,1009.1,2067.0,0.0,0.6999999999999993,8,2.1000000000000014,0.6000000000000227,5.4,104
798,23,22.8,1010.6,-3.54,0.0,0.3000000000000007,4,0.5,0.8000000000000682,3.4,110
799,22,22.3,1009.8,-3.54,0.0,0.3000000000000007,1,0.2999999999999972,0.2999999999999545,3.9,100
800,0,22.4,1010.8,-3.52,0.0,0.8000000000000007,4,0.1999999999999993,0.5,1.1,157
801,1,22.4,1010.6,-3.51,0.0,0.4000000000000021,1,0.3000000000000007,0.1999999999999318,1.3,195
802,2,22.2,1010.5,-3.26,0.0,0.3999999999999986,0,0.2999999999999972,0.3000000000000682,0.9000000000000001,186
803,3,22.2,1010.2,-3.14,0.0,0.1999999999999993,1,0.1999999999999993,0.2999999999999545,0.8,185
804,4,22.1,1009.7,-2.55,0.0,0.3000000000000007,0,0.1999999999999993,0.5,1.7,166
805,5,22.2,1009.2,-2.35,0.0,0.3000000000000007,0,0.3000000000000007,0.5,1.5,167
806,6,22.1,1009.0,-2.7,0.0,0.3000000000000007,1,0.3000000000000007,0.20000000000004547,1.1,177
807,7,21.9,1009.1,-2.96,0.0,0.4000000000000021,1,0.3999999999999986,0.20000000000004547,1.2000000000000002,173
808,8,22.1,1009.4,-2.59,0.0,0.4000000000000021,0,0.3999999999999986,0.2999999999999545,1.3,185
809,9,21.9,1009.7,4.506,0.0,0.3000000000000007,0,0.20000000000000284,0.40000000000009095,2.0,170
810,10,23.1,1010.3,233.3,0.0,1.6000000000000014,1,1.2000000000000028,0.5999999999999089,1.6,168
811,11,22.5,1011.0,681.3,0.0,1.3999999999999986,11,1.3999999999999986,0.7000000000000455,3.3,152
812,12,23.2,1011.3,980.2,0.0,2.0,8,1.400000000000002,0.2999999999999545,3.2,141
813,13,22.2,1011.3,1721.0,0.0,1.7000000000000028,11,1.3000000000000007,0.1999999999999318,3.8,120
814,14,22.0,1010.9,2278.0,0.0,2.400000000000002,11,1.8000000000000007,0.3999999999999773,4.6,106
815,15,21.8,1010.2,2218.0,0.0,1.400000000000002,7,1.6999999999999993,0.6999999999999318,4.6,106
816,16,22.6,1011.9,2006.0,0.0,1.3999999999999986,6,1.3999999999999986,0.6000000000000227,5.6000000000000005,112
817,0,22.7,1011.3,-3.16,0.0,0.4000000000000021,2,0.1999999999999993,0.6999999999999318,2.8999999999999995,100
818,1,22.8,1011.7,-1.92,0.0,0.3000000000000007,2,0.3000000000000007,0.40000000000009095,3.5,100
819,2,22.6,1011.9,-3.11,0.0,0.3000000000000007,2,0.3999999999999986,0.1999999999999318,4.9,100
820,3,22.3,1011.7,-3.41,0.0,0.1999999999999993,2,0.5,0.1999999999999318,4.1,106
821,4,22.4,1011.4,-2.93,0.0,0.3000000000000007,1,0.3000000000000007,0.3000000000000682,4.0,106
822,5,22.6,1011.1,-3.53,0.0,0.5,3,0.3000000000000007,0.2999999999999545,3.9,119
823,6,22.6,1011.0,-3.47,0.0,0.5,2,0.1999999999999993,0.20000000000004547,3.4,151
824,7,22.6,1011.3,-3.43,0.0,0.8000000000000007,4,0.20000000000000284,0.2999999999999545,1.2999999999999998,173
825,8,22.1,1011.5,-3.53,0.0,0.8999999999999986,3,0.5,0.3000000000000682,1.2,189
826,9,22.6,1011.8,2.4090000000000003,0.0,0.3000000000000007,2,0.4000000000000021,0.2999999999999545,1.1,182
827,10,23.1,1012.4,103.8,0.0,0.6999999999999993,2,0.5,0.6000000000000227,1.0,176
828,11,23.2,1013.0,675.3,0.0,2.700000000000003,14,1.0,0.7000000000000455,2.2,141
829,12,23.6,1013.5,1024.0,0.8,2.1000000000000014,12,1.6999999999999993,0.6000000000000227,3.9,132
830,13,22.4,1013.3,1763.0,0.2,2.1000000000000014,13,2.3999999999999986,0.3000000000000682,6.2,116
831,14,22.5,1013.1,2099.0,0.0,1.599999999999998,7,1.2999999999999972,0.1999999999999318,7.1000000000000005,113
832,15,22.5,1012.5,1958.0,0.0,2.0,7,1.3000000000000007,0.6000000000000227,5.1,100
833,17,22.3,1011.3,1998.0,0.0,1.599999999999998,7,1.6000000000000014,0.6000000000000227,6.6000000000000005,111
834,18,22.1,1010.9,1669.0,0.0,0.7000000000000028,4,1.3999999999999986,0.5,4.9,102
835,19,21.0,1010.8,1371.0,0.0,1.2000000000000028,5,1.6000000000000014,0.1999999999999318,4.9,98
836,20,22.2,1011.2,719.6,0.0,0.8999999999999986,9,1.1999999999999993,0.40000000000009095,6.0,91
837,21,22.2,1011.2,73.57,0.0,1.1999999999999993,5,0.2999999999999972,0.09999999999990904,5.4,89
838,22,22.3,1011.6,-3.52,0.0,0.10000000000000142,1,0.2999999999999972,0.3999999999999773,4.5,95
839,23,21.8,1012.3,-3.21,0.0,0.3000000000000007,2,0.5,0.6999999999999318,4.4,97
840,16,21.2,1011.2,2193.0,0.0,1.1000000000000014,6,1.599999999999998,1.0999999999999093,3.9999999999999987,93
841,23,21.1,1011.8,-3.54,0.0,0.5,2,0.3000000000000007,0.2999999999999545,2.8,75
842,22,20.8,1011.5,-3.54,0.0,0.6000000000000014,1,0.3999999999999986,0.2999999999999545,3.9,59
843,21,21.2,1011.2,51.77,0.0,0.8999999999999986,7,0.8000000000000007,0.40000000000009095,5.2,82
844,20,20.5,1010.8,578.9,0.0,1.3000000000000007,8,1.1000000000000014,0.3999999999999773,4.9,94
845,19,20.8,1010.5,1277.0,0.0,0.9000000000000021,8,2.1999999999999997,0.20000000000004547,5.000000000000001,104
846,18,20.9,1010.4,1289.0,0.0,1.3999999999999986,6,1.099999999999998,0.6000000000000227,6.1000000000000005,104
847,17,21.0,1011.0,1708.0,0.0,1.3000000000000007,8,1.900000000000002,0.3000000000000682,3.8,104
848,0,21.9,1012.8,-3.52,0.0,0.3999999999999986,2,0.2999999999999972,0.5,2.9000000000000004,99
849,1,21.6,1013.0,-3.33,0.0,0.3000000000000007,2,0.2999999999999972,0.20000000000004547,2.7,96
850,2,21.6,1013.0,-3.42,0.0,0.5999999999999979,3,0.1999999999999993,0.20000000000004547,3.3000000000000003,101
851,3,21.7,1012.7,-3.48,0.0,0.5,2,0.2999999999999972,0.3999999999999773,2.5,103
852,4,21.6,1012.3,-3.54,0.0,0.5,2,0.3000000000000007,0.5,2.6,108
853,5,21.6,1011.9,-3.52,0.0,0.5,2,0.3000000000000007,0.3999999999999773,2.1,124
854,6,21.5,1012.0,-3.42,0.0,1.0,5,0.4000000000000021,0.10000000000002274,1.6,170
855,7,21.5,1012.2,-3.32,0.0,0.3999999999999986,2,0.20000000000000284,0.20000000000004547,0.8,193
856,8,21.4,1012.5,-3.27,0.0,0.2999999999999972,1,0.3000000000000007,0.2999999999999545,0.8999999999999999,194
857,9,21.4,1012.6,1.482,0.0,0.6000000000000014,1,0.3999999999999986,0.10000000000002274,0.7999999999999998,193
858,10,22.3,1012.9,164.6,0.0,1.5,3,1.1000000000000014,0.2999999999999545,1.7,182
859,11,21.9,1013.5,313.2,0.6,1.0,5,0.7000000000000028,0.6000000000000227,2.1,182
860,12,23.7,1013.8,627.9,0.6,1.7000000000000028,5,1.6999999999999993,0.2999999999999545,3.2,159
861,13,22.9,1013.5,819.7,0.0,1.6000000000000014,11,0.9000000000000021,0.3999999999999773,2.3,123
862,14,21.8,1013.0,1755.0,0.0,2.099999999999998,15,2.1000000000000014,0.5,3.9,111
863,15,21.3,1012.3,1683.0,0.0,1.400000000000002,7,1.3000000000000007,0.7000000000000455,4.300000000000002,100
864,7,21.3,1012.0,-1.77,0.2,0.6000000000000014,6,0.6000000000000014,0.3999999999999773,1.9,155
865,17,20.9,1010.7,2122.0,0.0,0.8999999999999986,4,1.3000000000000007,0.5999999999999089,4.199999999999998,98
866,18,20.9,1010.7,1608.0,0.0,1.3000000000000007,6,1.3000000000000007,0.1999999999999318,4.3,81
867,19,21.2,1011.0,1441.0,0.0,0.9000000000000021,5,1.0,0.3999999999999773,4.5,87
868,20,21.0,1011.2,654.4,0.0,1.6000000000000014,7,0.7999999999999972,0.20000000000004547,4.5,81
869,21,21.3,1011.5,70.48,0.0,0.6999999999999993,4,0.4000000000000021,0.3999999999999773,3.7,77
870,22,21.2,1011.8,-3.54,0.0,0.8000000000000007,3,0.4000000000000021,0.2999999999999545,4.4,87
871,23,21.4,1012.4,-3.54,0.0,1.2000000000000028,6,0.3999999999999986,0.6000000000000227,3.4,99
872,6,20.8,1011.7,-2.52,0.0,0.8000000000000007,2,0.4000000000000021,0.1999999999999318,2.7,106
873,5,21.0,1011.9,-2.46,0.0,0.3000000000000007,2,0.3000000000000007,0.3999999999999773,3.0000000000000004,96
874,4,21.1,1012.3,-1.01,0.0,1.1000000000000014,4,0.3999999999999986,0.40000000000009095,2.0,93
875,3,20.9,1012.7,-3.04,0.0,0.6999999999999993,3,0.5,0.1999999999999318,3.0,67
876,2,20.9,1012.8,-3.53,0.0,0.5,3,0.3000000000000007,0.1999999999999318,2.5,78
877,1,20.8,1012.9,-3.54,0.0,0.6000000000000014,3,0.3999999999999986,0.5,3.9,84
878,0,21.0,1012.4,-3.54,0.0,0.3999999999999986,3,0.4000000000000021,0.7000000000000455,2.6,83
879,15,20.7,1012.2,1842.0,0.0,1.400000000000002,5,1.5,0.3999999999999773,3.6000000000000005,93
880,14,20.5,1012.6,1338.0,0.0,1.900000000000002,9,1.3000000000000007,0.3999999999999773,3.7,113
881,13,21.3,1013.0,856.5,0.0,1.0,4,0.9000000000000021,0.20000000000004547,3.2,100
882,12,21.0,1012.9,865.9,0.0,1.6000000000000014,11,1.8000000000000007,0.2999999999999545,2.7,114
883,11,22.1,1012.6,437.7,0.0,1.599999999999998,9,1.0,0.3999999999999773,1.6,131
884,10,22.1,1012.2,160.2,0.0,1.099999999999998,4,0.6000000000000014,0.20000000000004547,1.9,173
885,9,21.9,1012.0,1.064,0.0,0.3000000000000007,2,0.5,0.10000000000002274,1.4,181
886,8,21.5,1011.9,-3.53,0.0,1.099999999999998,6,0.3999999999999986,0.2999999999999545,2.9,169
887,16,20.6,1011.3,1976.0,0.0,1.3000000000000007,6,1.1999999999999993,0.900000000000091,6.2,104
888,16,19.4,1012.3,2288.0,0.0,1.0,6,1.6000000000000014,0.8000000000000682,5.4,114
889,0,21.5,1013.3,-3.54,0.0,0.6000000000000014,2,0.4000000000000021,0.8999999999999773,2.0,89
890,1,21.5,1013.7,-3.53,0.0,0.6999999999999993,3,0.3999999999999986,0.40000000000009095,1.7000000000000002,69
891,2,21.5,1013.9,-3.53,0.0,0.4000000000000021,2,0.3000000000000007,0.1999999999999318,2.6,81
892,3,21.4,1013.7,-2.6,0.0,0.5999999999999979,3,0.20000000000000284,0.1999999999999318,2.4000000000000004,87
893,4,21.4,1013.3,-1.06,0.0,0.3999999999999986,2,0.1999999999999993,0.40000000000009095,3.4000000000000004,92
894,5,21.5,1013.0,-2.45,0.0,0.5999999999999979,3,0.3000000000000007,0.3999999999999773,2.7,102
895,6,21.6,1013.0,-2.02,0.0,0.4000000000000021,3,0.3999999999999986,0.20000000000004547,4.1,117
896,7,22.0,1012.7,-3.2,0.0,0.6999999999999993,5,0.5,0.3999999999999773,2.2,194
897,8,22.1,1013.0,-2.61,0.2,0.7999999999999972,3,0.1999999999999993,0.2999999999999545,1.8000000000000005,209
898,9,21.4,1013.4,-0.24,1.8,0.8999999999999986,2,0.8000000000000007,0.3999999999999773,2.1,185
899,10,22.0,1013.6,124.6,1.6,0.6000000000000014,2,0.6999999999999993,0.40000000000009095,3.2,119
900,11,22.8,1014.1,921.9,0.0,2.5,9,1.1999999999999993,0.5,2.5,159
901,12,22.3,1014.2,1362.0,0.0,2.1999999999999997,10,1.8999999999999984,0.20000000000004547,3.4000000000000004,160
902,13,22.5,1014.2,712.3,0.0,1.3000000000000007,5,0.8000000000000007,0.1999999999999318,5.5,138
903,14,20.7,1014.0,2174.0,0.0,2.6999999999999997,15,2.1000000000000014,0.3000000000000682,4.9,117
904,15,21.0,1013.1,2189.0,0.0,1.2000000000000028,5,1.1999999999999993,0.8999999999999773,4.700000000000001,114
905,17,19.3,1011.6,2060.0,0.0,0.6000000000000014,4,1.1999999999999993,0.6999999999999318,6.6000000000000005,112
906,18,20.4,1011.3,1742.0,0.0,0.9000000000000021,7,1.599999999999998,0.40000000000009095,5.0,91
907,19,20.9,1011.1,1332.0,0.0,1.1000000000000014,7,1.3000000000000007,0.2999999999999545,5.3,101
908,20,21.4,1011.4,734.6,0.0,1.0,6,0.8000000000000007,0.2999999999999545,6.7,97
909,21,21.5,1011.7,106.8,0.0,1.0,5,0.5,0.3000000000000682,4.2,103
910,22,21.9,1012.4,-3.54,0.0,0.3999999999999986,3,0.5,0.6999999999999318,2.6,96
911,23,22.0,1013.1,-2.61,0.0,0.5,3,0.3000000000000007,0.7000000000000455,4.1,99
912,15,19.1,1012.9,2240.0,0.0,1.3000000000000007,7,2.1000000000000014,0.7000000000000455,5.0,126
913,16,19.6,1011.8,2385.0,0.0,1.2000000000000028,9,2.599999999999998,1.1000000000000227,4.7,91
914,17,18.2,1011.2,2080.0,0.0,0.8999999999999986,5,1.6999999999999993,0.5999999999999089,5.6,104
915,18,19.0,1011.0,1766.0,0.0,0.8999999999999986,6,1.400000000000002,0.3000000000000682,4.5,100
916,19,19.9,1011.0,1373.0,0.0,1.0,7,1.1999999999999993,0.10000000000002274,4.3,93
917,20,20.7,1011.2,772.8,0.0,1.1999999999999993,10,1.8000000000000007,0.20000000000004547,4.5,87
918,21,21.0,1011.7,113.7,0.0,1.1999999999999993,6,0.3999999999999986,0.5,6.2,96
919,22,21.1,1012.3,-3.54,0.0,0.5,3,0.3000000000000007,0.5999999999999089,3.1,96
920,23,21.3,1012.8,-3.54,0.0,0.5999999999999979,4,0.2999999999999972,0.5,3.0,93
921,0,21.8,1013.7,-2.84,0.0,0.1999999999999993,2,0.4000000000000021,0.6000000000000227,4.2,105
922,1,21.5,1014.0,-2.11,0.0,0.4000000000000021,2,0.5,0.2999999999999545,6.300000000000002,109
923,2,21.9,1013.9,-3.43,0.0,1.1000000000000014,7,0.3999999999999986,0.20000000000004547,4.7,102
924,3,21.9,1013.4,-1.11,0.4,1.0,6,0.9000000000000021,0.6000000000000227,8.399999999999999,120
925,4,21.0,1013.3,-1.9,0.0,0.5,3,0.8000000000000007,0.2999999999999545,7.5,113
926,5,21.3,1012.9,-3.46,0.0,0.6000000000000014,3,0.3999999999999986,0.5,6.2,129
927,6,21.8,1012.7,-2.33,2.0,1.8999999999999984,11,0.9000000000000021,0.2999999999999545,6.699999999999998,142
928,7,21.8,1012.7,-0.92,0.0,0.09999999999999787,1,0.09999999999999787,0.20000000000004547,2.0,156
929,8,21.5,1013.4,-0.32,0.0,0.1999999999999993,1,0.3000000000000007,0.6999999999999318,1.9,175
930,9,20.9,1013.5,3.988,0.0,0.4000000000000021,1,0.6000000000000014,0.20000000000004547,2.6,146
931,10,21.1,1014.1,227.8,0.0,1.5,7,0.5,0.6000000000000227,2.3000000000000003,162
932,11,20.9,1014.3,938.7,0.0,1.6000000000000014,9,0.8999999999999986,0.2999999999999545,4.5,156
933,12,19.9,1014.4,1301.0,0.0,1.3999999999999986,10,1.400000000000002,0.20000000000004547,6.199999999999998,155
934,13,19.8,1014.2,1760.0,0.0,1.1999999999999993,7,1.6999999999999993,0.1999999999999318,4.5,137
935,14,19.6,1013.6,2002.0,0.0,1.5,7,1.900000000000002,0.6000000000000227,5.1,137
936,0,21.5,1013.3,-3.45,0.0,0.4000000000000021,2,0.4000000000000021,0.5,1.4,88
937,1,21.5,1013.5,-3.35,0.0,0.4000000000000021,2,0.20000000000000284,0.20000000000004547,2.2,99
938,17,19.9,1009.6,1752.0,0.0,1.400000000000002,10,2.5,0.8999999999999773,5.5,106
939,18,19.5,1009.6,1774.0,0.0,1.8000000000000007,4,1.8999999999999984,0.10000000000002274,3.6000000000000005,105
940,19,19.4,1009.5,1360.0,0.0,1.1999999999999993,5,1.1999999999999993,0.20000000000004547,3.5,96
941,20,20.2,1009.9,757.6,0.0,1.0,6,0.6999999999999993,0.5,4.4,95
942,21,21.4,1010.6,124.4,0.0,1.1999999999999993,10,1.2999999999999972,0.7000000000000455,3.4,85
943,22,21.1,1010.9,-3.39,0.0,0.2999999999999972,2,0.5,0.2999999999999545,3.1,96
944,23,21.4,1011.8,-2.83,0.0,0.3999999999999986,3,0.5,0.8999999999999773,3.1,98
945,16,18.6,1010.4,1707.0,0.0,1.599999999999998,7,1.5,1.1000000000000227,5.0,149
946,15,19.4,1011.5,1976.0,0.0,2.200000000000003,7,2.1000000000000014,1.1000000000000227,4.300000000000002,168
947,14,19.3,1012.6,2135.0,0.0,1.8000000000000007,6,1.8000000000000007,0.7000000000000455,4.8,152
948,13,18.4,1013.2,1923.0,0.0,1.5,6,1.3000000000000007,0.1999999999999318,4.699999999999998,162
949,12,18.7,1013.4,1268.0,0.0,1.2999999999999972,14,2.5,0.3000000000000682,4.699999999999998,145
950,11,21.0,1013.3,945.8,0.0,2.1000000000000014,10,0.8999999999999986,0.2999999999999545,3.4000000000000004,147
951,10,21.1,1013.0,232.6,0.0,1.5,7,0.5999999999999979,0.7000000000000455,2.0,174
952,9,21.0,1012.4,-0.07,0.0,0.5,2,0.4000000000000021,0.40000000000009095,1.7,158
953,8,21.0,1012.7,-3.54,0.0,0.5,3,0.3000000000000007,0.6000000000000227,0.9999999999999998,185
954,7,21.0,1012.1,-2.16,0.0,0.5,1,0.4000000000000021,0.20000000000004547,1.2999999999999998,198
955,6,20.9,1012.2,-3.28,0.0,1.3999999999999986,9,0.3999999999999986,0.3999999999999773,1.2,190
956,5,20.5,1012.6,-3.52,0.0,0.3999999999999986,1,0.3000000000000007,0.3999999999999773,3.1,170
957,4,20.6,1013.0,-3.54,0.0,0.5999999999999979,2,0.3999999999999986,0.5,3.3000000000000003,105
958,3,20.9,1013.4,-3.43,0.0,0.5,4,0.7000000000000028,0.20000000000004547,3.6,100
959,2,21.5,1013.6,-3.36,0.0,0.3999999999999986,1,0.3000000000000007,0.20000000000004547,2.7,99
960,4,20.9,1011.5,-1.68,0.0,0.5,2,0.7000000000000028,0.2999999999999545,3.6,134
961,23,21.9,1011.1,-2.98,0.0,0.2999999999999972,2,0.5,0.7000000000000455,2.2,116
962,22,21.8,1010.4,-3.53,0.0,0.6999999999999993,4,0.4000000000000021,0.6999999999999318,3.7,114
963,21,21.7,1009.7,88.21,0.0,1.1000000000000014,8,0.8000000000000007,0.6000000000000227,4.9,95
964,20,20.9,1009.1,764.7,0.0,1.1000000000000014,8,1.3000000000000007,0.3999999999999773,5.0,98
965,19,19.9,1008.7,1354.0,0.0,1.1000000000000014,4,1.1000000000000014,0.1999999999999318,4.4,100
966,18,19.8,1008.8,1736.0,0.0,0.9000000000000021,5,1.1999999999999993,0.3000000000000682,6.4,103
967,17,20.1,1009.1,2124.0,0.0,0.6000000000000014,5,1.2000000000000028,0.6000000000000227,5.6,104
968,16,20.4,1009.7,2334.0,0.0,0.8000000000000007,4,1.2999999999999972,1.0,5.4,104
969,15,20.8,1010.7,1340.0,0.0,2.8000000000000007,14,1.900000000000002,0.6999999999999318,5.0,120
970,14,21.4,1011.4,2089.0,0.0,2.1999999999999997,17,3.1000000000000014,0.6000000000000227,4.5,115
971,13,22.6,1012.0,1514.0,0.0,2.8000000000000007,18,2.0,0.20000000000004547,3.8,122
972,12,24.2,1012.1,581.8,1.0,2.6999999999999997,2,3.0,0.3999999999999773,3.9,131
973,11,21.1,1012.0,203.7,2.8,2.1000000000000014,5,1.8999999999999984,0.8999999999999773,4.9,109
974,10,22.6,1011.2,192.7,0.0,1.1000000000000014,3,1.0,0.5,1.2000000000000002,183
975,9,21.7,1010.9,1.461,0.6,0.3999999999999986,4,0.3999999999999986,0.2999999999999545,1.2,151
976,8,21.3,1010.6,-1.11,0.0,0.3999999999999986,2,0.5999999999999979,0.3000000000000682,1.1,153
977,7,20.9,1010.4,-2.98,0.0,0.3999999999999986,2,0.20000000000000284,0.10000000000002274,0.7999999999999999,213
978,6,20.9,1010.5,-2.71,0.0,0.5,3,0.2999999999999972,0.2999999999999545,2.4,200
979,5,20.8,1010.8,-1.53,0.0,0.4000000000000021,2,0.1999999999999993,0.7000000000000455,2.8,185
980,3,21.6,1011.8,-0.75,0.0,0.1999999999999993,5,1.1999999999999993,0.7000000000000455,4.0,118
981,2,22.8,1012.3,-2.95,0.2,1.0,7,0.5,0.20000000000004547,3.5,107
982,1,22.4,1012.5,-2.54,0.0,0.5,3,0.3999999999999986,0.20000000000004547,4.4,102
983,0,22.1,1012.3,-2.55,0.0,0.3000000000000007,2,0.7000000000000028,0.5,3.5,97
984,1,21.8,1011.4,-2.95,0.0,0.1999999999999993,2,0.3999999999999986,0.20000000000004547,2.8,102
985,0,22.1,1011.4,-2.44,0.0,0.5,1,0.3000000000000007,0.3999999999999773,1.8000000000000005,109
986,23,21.9,1011.1,-3.52,0.0,0.1999999999999993,2,0.4000000000000021,0.6000000000000227,4.699999999999998,101
987,22,22.2,1010.5,-3.54,0.0,0.1999999999999993,2,0.1999999999999993,0.6000000000000227,4.9,104
988,21,22.0,1009.9,117.0,0.0,0.9000000000000021,7,0.8000000000000007,0.3999999999999773,5.3,100
989,20,21.3,1009.5,781.8,0.0,1.0,5,0.6000000000000014,0.3999999999999773,4.700000000000001,99
990,19,21.2,1009.1,1377.0,0.0,0.8999999999999986,8,1.6999999999999993,0.10000000000002274,5.200000000000001,98
991,18,20.1,1009.0,1770.0,0.0,1.1000000000000014,7,1.3000000000000007,0.2999999999999545,5.000000000000001,110
992,17,19.6,1009.3,2101.0,0.0,1.099999999999998,6,2.3000000000000007,0.7000000000000455,6.0,108
993,16,19.8,1010.0,2143.0,0.0,1.5,7,1.6999999999999993,0.7000000000000455,6.299999999999999,116
994,15,19.6,1010.7,2299.0,0.0,1.8000000000000007,9,2.1999999999999997,0.6999999999999318,7.699999999999998,126
995,14,20.1,1011.4,1928.0,0.0,2.0,8,2.1000000000000014,0.5,6.300000000000002,123
996,13,20.4,1011.9,1627.0,0.0,1.900000000000002,10,1.5,0.20000000000004547,5.200000000000001,139
997,12,21.7,1011.9,1147.0,0.0,1.5,7,1.0,0.2999999999999545,4.5,139
998,11,21.7,1011.7,859.5,0.0,2.3999999999999986,11,0.6999999999999993,0.40000000000009095,4.0,166
999,10,21.6,1011.3,135.5,0.0,0.8000000000000007,2,0.4000000000000021,0.6999999999999318,2.6,182
1000,9,21.2,1010.7,0.185,0.0,0.3999999999999986,3,0.5,0.5,1.9,180
1001,8,20.9,1010.2,-2.73,0.0,0.4000000000000021,2,0.4000000000000021,0.1999999999999318,1.2000000000000002,172
1002,7,20.7,1010.1,-3.54,0.0,1.1000000000000014,5,0.10000000000000142,0.3000000000000682,1.2999999999999998,183
1003,6,20.8,1009.8,-3.51,0.0,0.8999999999999986,5,0.3999999999999986,0.20000000000004547,3.7,179
1004,5,20.7,1010.0,-3.37,0.0,0.5999999999999979,1,0.6000000000000014,0.2999999999999545,3.9,143
1005,4,21.3,1010.3,-3.51,0.0,0.1999999999999993,5,1.0,0.6000000000000227,3.3000000000000003,116
1006,3,22.1,1010.9,-3.3,0.0,0.3000000000000007,2,0.20000000000000284,0.6000000000000227,3.3000000000000003,125
1007,2,22.0,1011.4,-3.05,0.0,0.1999999999999993,2,0.3999999999999986,0.20000000000004547,3.8,114
