codigo_estacao,data,hora,temp_inst,temp_max,temp_min,umid_inst,umid_max,umid_min,pto_orvalho_inst,pto_orvalho_max,pto_orvalho_min,pressao,pressao_max,pressao_min,vento_direcao,vento_vel, vento_rajada,radiacao,precipitacao
A305,01/08/2019,00,26.1,26.4,26.1,74,74,71,21.0,21.1,20.7,1011.9,1012.0,1011.5,3.4,92,7.6,-3.54,0.0
A305,01/08/2019,01,25.7,26.1,25.6,76,76,73,21.1,21.2,20.8,1012.1,1012.2,1011.9,2.2,113,7.5,-3.54,0.0
A305,01/08/2019,02,25.4,25.7,25.3,77,78,76,21.2,21.3,21.1,1012.0,1012.2,1012.0,1.7,113,6.1,-3.54,0.0
A305,01/08/2019,03,25.4,25.6,25.2,79,79,76,21.4,21.4,21.1,1011.5,1012.0,1011.5,1.4,121,4.8,-3.54,0.0
A305,01/08/2019,04,25.6,25.7,25.4,80,80,78,21.8,21.8,21.4,1010.9,1011.5,1010.9,1.8,110,4.9,-3.54,0.0
A305,01/08/2019,05,25.7,25.8,25.6,77,80,77,21.4,21.9,21.4,1010.1,1010.9,1010.1,1.8,122,6.1,-3.52,0.0
A305,01/08/2019,06,24.4,25.8,24.4,83,83,75,21.2,21.4,21.0,1009.8,1010.1,1009.8,1.2,188,5.0,-3.51,0.0
A305,01/08/2019,07,23.8,24.4,23.8,84,84,83,21.0,21.3,21.0,1009.8,1009.9,1009.7,1.0,188,3.1,-3.51,0.0
A305,01/08/2019,08,23.6,23.8,23.6,86,86,84,21.1,21.1,21.0,1010.1,1010.1,1009.8,1.0,182,2.5,-3.54,0.0
A305,01/08/2019,09,23.7,23.7,23.5,87,87,86,21.4,21.4,21.1,1010.6,1010.6,1010.1,1.2,178,3.0,-0.59,0.0
A305,01/08/2019,10,24.9,24.9,23.7,81,87,81,21.4,21.7,21.3,1011.1,1011.1,1010.6,1.8,178,5.0,251.2,0.0
A305,01/08/2019,11,26.3,26.3,24.9,71,81,71,20.7,21.6,20.3,1011.7,1011.7,1011.1,3.0,165,6.8,810.7,0.0
A305,01/08/2019,12,27.5,27.9,26.3,67,71,66,20.9,21.4,20.7,1012.0,1012.1,1011.7,2.9,149,7.1,1424.,0.0
A305,01/08/2019,13,28.4,29.7,27.3,64,68,58,20.9,21.4,20.3,1012.0,1012.1,1012.0,2.8,149,9.5,1758.,0.0
A305,01/08/2019,14,29.6,30.4,28.1,56,64,55,19.9,21.3,19.9,1011.6,1012.1,1011.6,4.0,140,8.5,1944.,0.0
A305,01/08/2019,15,29.7,30.8,29.0,55,59,53,19.7,20.9,19.4,1010.8,1011.6,1010.8,4.4,112,9.1,1847.,0.0
A305,01/08/2019,16,30.5,30.9,29.7,53,56,52,19.8,20.6,19.4,1009.8,1010.8,1009.8,4.7,108,11.8,2387.,0.0
A305,01/08/2019,17,29.9,30.5,29.6,56,56,51,20.1,20.1,18.9,1009.2,1009.8,1009.2,5.4,103,10.1,2212.,0.0
A305,01/08/2019,18,29.2,30.2,29.1,60,61,54,20.7,21.3,19.3,1008.8,1009.2,1008.8,4.5,95,10.1,1847.,0.0
A305,01/08/2019,19,28.3,29.3,28.3,66,66,60,21.3,21.6,20.6,1008.7,1008.8,1008.7,4.1,102,9.5,1405.,0.0
A305,01/08/2019,20,27.1,28.5,27.1,71,71,65,21.3,21.6,20.9,1009.0,1009.0,1008.7,4.1,103,9.6,708.1,0.0
A305,01/08/2019,21,26.5,27.2,26.4,76,76,71,22.0,22.0,21.3,1009.5,1009.5,1009.0,2.7,106,8.0,124.3,0.0
A305,01/08/2019,22,26.6,26.6,26.4,77,77,76,22.1,22.1,21.8,1010.1,1010.1,1009.5,2.6,103,7.7,-3.04,0.0
A305,01/08/2019,23,26.7,26.7,26.5,76,77,75,22.1,22.3,22.0,1010.9,1010.9,1010.1,3.0,100,7.3,-1.88,0.0
A305,02/08/2019,00,26.8,26.8,26.6,74,76,73,21.6,22.1,21.5,1011.5,1011.5,1010.9,3.4,97,8.4,-1.65,0.0
A305,02/08/2019,01,26.5,26.8,26.5,75,75,73,21.7,21.7,21.5,1011.8,1011.8,1011.5,2.8,100,7.6,-2.59,0.0
A305,02/08/2019,02,26.6,26.8,26.5,74,75,73,21.5,21.8,21.5,1012.0,1012.1,1011.8,2.9,103,8.3,-1.92,0.0
A305,02/08/2019,03,26.5,26.7,26.5,73,74,72,21.3,21.5,21.1,1011.8,1012.1,1011.8,3.2,105,7.3,-2.25,0.0
A305,02/08/2019,04,25.4,26.6,25.4,79,79,72,21.6,21.6,21.2,1011.3,1011.8,1011.3,2.3,109,8.0,-2.73,0.0
A305,02/08/2019,05,26.2,26.3,25.4,73,79,73,20.9,21.6,20.9,1010.8,1011.3,1010.8,3.0,109,7.7,-2.55,0.0
A305,02/08/2019,06,26.2,26.3,26.0,74,75,72,21.1,21.3,20.9,1010.6,1010.8,1010.6,2.8,108,8.0,-2.21,0.0
A305,02/08/2019,07,25.5,26.3,25.5,78,78,73,21.5,21.5,21.0,1010.7,1010.7,1010.5,2.2,122,6.3,-2.59,0.2
A305,02/08/2019,08,23.4,25.5,23.2,90,90,79,21.7,21.9,21.3,1010.9,1011.1,1010.7,3.5,148,9.3,-1.16,12.6
A305,02/08/2019,09,23.3,23.8,23.3,90,90,90,21.5,22.1,21.5,1011.3,1011.4,1010.9,2.1,172,9.3,3.025,0.6
A305,02/08/2019,10,23.8,23.8,23.2,88,90,88,21.8,21.8,21.4,1011.8,1011.8,1011.3,2.6,170,5.9,130.9,0.0
A305,02/08/2019,11,25.7,25.7,23.8,78,88,78,21.6,22.0,21.5,1012.3,1012.3,1011.8,3.0,158,7.6,802.2,0.0
A305,02/08/2019,12,26.6,26.9,25.7,74,79,73,21.6,22.1,21.4,1012.7,1012.7,1012.3,2.7,161,7.0,963.1,0.0
A305,02/08/2019,13,29.0,29.0,26.6,67,75,67,22.3,22.3,21.1,1012.8,1012.8,1012.7,3.3,124,7.0,1413.,0.0
A305,02/08/2019,14,28.6,29.5,27.6,64,69,61,21.0,22.0,20.7,1012.5,1012.8,1012.5,3.8,120,9.1,1547.,0.0
A305,02/08/2019,15,30.1,30.1,28.4,59,65,59,21.2,22.1,20.4,1011.7,1012.5,1011.7,3.1,122,10.0,2105.,0.0
A305,02/08/2019,16,30.1,30.6,29.2,53,59,51,19.3,21.2,18.7,1010.9,1011.8,1010.9,4.8,119,9.8,2401.,0.0
A305,02/08/2019,17,29.5,30.7,29.5,56,57,51,19.9,20.3,18.9,1010.4,1010.9,1010.4,4.2,107,10.9,2219.,0.0
A305,02/08/2019,18,29.1,29.7,28.9,60,61,56,20.7,20.7,19.6,1009.9,1010.4,1009.8,4.6,109,9.4,1839.,0.0
A305,02/08/2019,19,28.5,29.3,28.4,62,63,55,20.4,21.0,18.9,1009.7,1009.9,1009.7,4.9,87,10.7,1387.,0.0
A305,02/08/2019,20,27.5,28.5,27.5,65,66,60,20.2,20.7,19.5,1009.9,1009.9,1009.6,3.9,100,10.5,775.7,0.0
A305,02/08/2019,21,26.5,27.5,26.5,72,72,65,21.1,21.1,20.3,1010.1,1010.1,1009.8,3.2,105,9.5,123.0,0.0
A305,02/08/2019,22,26.3,26.5,26.3,74,74,72,21.2,21.4,21.1,1011.0,1011.0,1010.1,2.9,105,6.7,-3.51,0.0
A305,02/08/2019,23,26.5,26.5,26.3,74,75,73,21.5,21.5,21.1,1011.6,1011.6,1011.0,3.4,107,7.7,-3.40,0.0
A305,03/08/2019,00,26.6,26.7,26.5,74,74,73,21.6,21.6,21.5,1012.2,1012.2,1011.6,3.5,108,7.7,-2.19,0.0
A305,03/08/2019,01,26.3,26.6,26.3,77,77,74,21.9,21.9,21.5,1012.7,1012.7,1012.2,2.5,117,9.3,-2.65,0.0
A305,03/08/2019,02,26.2,26.3,26.0,74,78,74,21.1,22.0,21.1,1012.6,1012.7,1012.6,2.2,114,5.9,-3.01,0.0
A305,03/08/2019,03,26.2,26.2,26.0,74,75,74,21.2,21.4,21.1,1012.2,1012.6,1012.2,2.2,123,5.5,-2.03,0.0
A305,03/08/2019,04,26.1,26.2,25.9,74,75,74,21.0,21.3,21.0,1011.7,1012.2,1011.7,2.3,131,6.1,-2.55,0.0
A305,03/08/2019,05,25.8,26.1,25.8,73,74,73,20.7,21.0,20.7,1011.4,1011.7,1011.4,2.1,135,5.7,-2.44,0.0
A305,03/08/2019,06,25.4,25.8,25.4,74,75,73,20.4,20.8,20.4,1011.3,1011.5,1011.3,1.6,132,6.6,-2.47,0.0
A305,03/08/2019,07,24.6,25.5,24.6,79,79,74,20.7,20.7,20.4,1011.4,1011.4,1011.3,1.3,154,3.9,-3.36,0.0
A305,03/08/2019,08,24.1,24.6,24.1,80,80,78,20.4,20.8,20.3,1011.7,1011.7,1011.4,1.3,159,4.4,-2.86,0.0
A305,03/08/2019,09,23.2,24.1,23.2,82,82,80,19.9,20.5,19.9,1012.0,1012.0,1011.7,1.4,178,3.8,0.739,0.0
A305,03/08/2019,10,24.6,24.7,23.1,74,82,74,19.8,20.1,19.7,1012.9,1012.9,1012.0,1.7,163,3.9,276.2,0.0
A305,03/08/2019,11,27.0,27.0,24.6,65,74,64,19.8,20.0,19.1,1013.5,1013.5,1012.9,3.2,152,6.8,1067.,0.0
A305,03/08/2019,12,27.9,27.9,26.6,57,65,57,18.6,19.9,18.4,1013.5,1013.6,1013.4,4.1,145,8.7,1560.,0.0
A305,03/08/2019,13,29.1,29.7,27.8,54,59,51,18.7,19.7,18.3,1013.3,1013.6,1013.3,3.1,150,9.0,1913.,0.0
A305,03/08/2019,14,28.9,30.0,28.3,55,57,51,19.0,19.7,18.0,1012.6,1013.3,1012.6,3.1,139,7.9,1876.,0.0
A305,03/08/2019,15,28.8,29.5,28.1,58,58,53,19.6,19.6,18.3,1011.7,1012.6,1011.7,2.5,121,7.1,1031.,0.0
A305,03/08/2019,16,29.3,29.9,28.5,55,59,54,19.3,20.5,19.1,1010.9,1011.7,1010.9,3.4,96,7.0,1487.,0.0
A305,03/08/2019,17,29.3,30.3,28.8,53,59,51,18.7,20.4,18.7,1010.1,1010.9,1010.1,3.8,92,8.3,1987.,0.0
A305,03/08/2019,18,29.6,29.9,29.0,53,55,49,19.0,19.4,17.6,1009.5,1010.1,1009.4,4.1,91,8.9,1873.,0.0
A305,03/08/2019,19,28.4,29.6,28.2,61,61,52,20.2,20.5,18.6,1009.3,1009.5,1009.3,2.8,80,8.7,1416.,0.0
A305,03/08/2019,20,27.5,28.5,27.4,63,64,61,19.9,20.3,19.7,1009.8,1009.8,1009.3,2.7,110,7.2,813.3,0.0
A305,03/08/2019,21,26.5,27.5,26.5,67,67,63,20.0,20.1,19.6,1010.5,1010.5,1009.8,2.4,87,6.0,130.7,0.0
A305,03/08/2019,22,26.0,26.6,26.0,72,72,67,20.6,20.6,20.0,1010.8,1010.8,1010.5,2.0,98,5.2,-3.54,0.0
A305,03/08/2019,23,26.1,26.2,25.9,74,75,72,21.1,21.2,20.6,1011.5,1011.5,1010.8,2.2,96,5.6,-3.54,0.0
A305,04/08/2019,00,26.1,26.2,25.9,75,76,74,21.4,21.5,21.1,1012.3,1012.3,1011.5,2.1,96,5.8,-3.53,0.0
A305,04/08/2019,01,26.5,26.6,26.1,75,76,74,21.6,21.7,21.4,1012.7,1012.7,1012.3,3.4,89,6.3,-2.74,0.0
A305,04/08/2019,02,26.6,26.6,26.5,74,75,73,21.5,21.7,21.4,1012.9,1012.9,1012.7,3.4,87,8.0,-2.19,0.0
A305,04/08/2019,03,26.1,26.6,25.9,77,78,74,21.7,21.7,21.4,1012.6,1013.0,1012.6,3.5,99,7.3,-3.23,0.0
A305,04/08/2019,04,25.8,26.1,25.7,78,79,77,21.6,21.8,21.6,1012.1,1012.6,1012.1,2.6,105,6.1,-3.40,0.0
A305,04/08/2019,05,25.8,26.0,25.8,76,78,76,21.2,21.7,21.2,1011.9,1012.1,1011.8,2.6,118,7.8,-3.11,0.0
A305,04/08/2019,06,25.5,25.9,25.5,78,78,75,21.3,21.4,21.1,1012.0,1012.0,1011.8,2.5,128,6.0,-3.01,0.0
A305,04/08/2019,07,24.9,25.5,24.7,82,83,78,21.6,21.7,21.3,1012.0,1012.0,1011.8,2.4,124,5.8,-2.95,0.2
A305,04/08/2019,08,24.4,25.0,24.4,84,84,82,21.6,21.7,21.5,1012.2,1012.2,1012.0,1.4,139,5.4,-3.34,0.0
A305,04/08/2019,09,24.0,24.6,24.0,86,86,84,21.5,21.7,21.5,1012.7,1012.7,1012.2,2.7,168,6.1,-1.08,0.0
A305,04/08/2019,10,24.1,24.1,23.7,83,86,82,21.0,21.5,20.8,1013.3,1013.3,1012.7,2.1,168,6.5,122.4,0.0
A305,04/08/2019,11,25.3,25.7,24.1,74,83,73,20.3,21.2,20.3,1014.0,1014.0,1013.3,3.2,164,6.4,526.1,0.0
A305,04/08/2019,12,26.5,26.5,25.3,68,74,68,20.2,20.5,20.0,1014.5,1014.5,1014.0,2.9,164,9.3,805.6,0.0
A305,04/08/2019,13,29.1,29.1,26.3,59,69,58,20.1,20.7,19.6,1014.1,1014.5,1014.1,3.1,137,8.3,1557.,0.0
A305,04/08/2019,14,29.5,29.6,28.3,53,59,53,18.9,20.4,18.9,1013.7,1014.2,1013.7,3.6,147,9.5,1849.,0.0
A305,04/08/2019,15,30.3,31.1,29.4,54,54,49,20.0,20.0,18.6,1012.9,1013.8,1012.9,3.9,109,10.3,2192.,0.0
A305,04/08/2019,16,29.9,30.5,28.8,52,57,50,18.9,19.9,18.6,1012.0,1013.0,1012.0,4.6,104,9.3,1778.,0.0
A305,04/08/2019,17,29.3,30.6,29.2,55,56,52,19.5,20.1,19.0,1011.3,1012.0,1011.3,5.0,107,10.3,2097.,0.0
A305,04/08/2019,18,29.7,30.1,28.8,51,57,49,18.6,19.6,17.9,1010.8,1011.3,1010.8,4.2,101,11.3,1692.,0.0
A305,04/08/2019,19,29.1,29.9,29.1,54,55,50,18.9,19.2,18.3,1010.5,1010.8,1010.4,4.4,100,10.0,1394.,0.0
A305,04/08/2019,20,27.9,29.1,27.8,63,63,54,20.3,20.3,18.9,1010.9,1010.9,1010.5,4.5,90,9.9,801.8,0.0
A305,04/08/2019,21,26.8,27.9,26.8,70,70,63,20.8,20.8,20.3,1011.6,1011.6,1010.9,1.9,102,9.4,109.6,0.0
A305,04/08/2019,22,26.6,26.8,26.4,69,71,69,20.4,20.9,20.2,1012.1,1012.1,1011.6,1.5,96,4.4,-3.47,0.0
A305,04/08/2019,23,26.3,26.8,26.3,75,75,68,21.6,21.6,20.3,1012.6,1012.6,1012.1,2.6,106,6.7,-3.44,0.0
A305,05/08/2019,00,26.2,26.4,26.0,77,77,75,21.7,21.8,21.4,1013.3,1013.3,1012.6,1.9,101,5.9,-3.54,0.0
A305,05/08/2019,01,26.2,26.2,26.0,78,78,77,22.1,22.1,21.7,1013.7,1013.7,1013.3,2.4,114,5.5,-3.52,0.0
A305,05/08/2019,02,26.4,26.4,26.2,76,78,76,21.9,22.1,21.9,1013.8,1013.9,1013.7,2.7,114,6.9,-2.70,0.0
A305,05/08/2019,03,26.3,26.4,26.2,74,76,74,21.3,21.9,21.3,1013.7,1013.8,1013.7,2.6,127,6.9,-3.41,0.0
A305,05/08/2019,04,26.1,26.4,26.0,71,74,71,20.4,21.3,20.4,1013.3,1013.7,1013.3,2.6,128,6.3,-3.54,0.0
A305,05/08/2019,05,25.4,26.1,25.4,73,74,71,20.3,20.5,20.3,1013.1,1013.3,1013.1,1.4,162,5.8,-3.54,0.0
A305,05/08/2019,06,24.9,25.4,24.9,76,76,73,20.3,20.5,20.2,1013.3,1013.3,1013.1,1.6,165,5.0,-3.54,0.0
A305,05/08/2019,07,23.9,24.9,23.9,80,81,76,20.3,20.5,20.2,1013.3,1013.3,1013.2,1.6,195,3.8,-3.54,0.0
A305,05/08/2019,08,23.4,23.9,23.3,77,81,77,19.1,20.3,19.1,1013.6,1013.7,1013.3,2.1,165,4.7,-3.54,0.0
A305,05/08/2019,09,23.2,23.4,23.1,77,77,76,18.9,19.1,18.9,1013.5,1013.6,1013.4,2.0,160,6.6,2.370,0.0
A305,05/08/2019,10,24.2,24.2,23.2,72,77,72,18.8,19.0,18.8,1014.0,1014.0,1013.5,2.9,152,6.1,292.5,0.0
A305,05/08/2019,11,26.2,26.2,24.2,65,72,64,19.2,19.3,18.7,1014.3,1014.4,1014.0,3.1,150,8.7,1006.,0.0
A305,05/08/2019,12,27.9,28.0,26.2,58,65,58,18.8,19.3,18.5,1014.5,1014.5,1014.2,4.2,146,10.4,1603.,0.0
A305,05/08/2019,13,29.2,29.8,27.9,52,59,50,18.3,19.6,18.0,1014.4,1014.6,1014.4,5.3,130,11.3,1871.,0.0
A305,05/08/2019,14,29.7,30.8,29.1,55,55,48,19.6,19.6,17.7,1014.1,1014.4,1014.0,3.6,145,12.1,2247.,0.0
A305,05/08/2019,15,30.2,30.9,29.2,54,56,49,19.9,20.0,18.3,1013.3,1014.1,1013.3,4.4,116,10.4,1981.,0.0
A305,05/08/2019,16,29.8,30.5,29.6,58,58,53,20.6,21.1,19.6,1012.6,1013.3,1012.6,5.4,105,11.1,2541.,0.0
A305,05/08/2019,17,29.5,30.6,29.5,56,58,53,19.9,20.9,19.4,1012.1,1012.6,1012.1,4.9,115,12.0,2275.,0.0
A305,05/08/2019,18,28.8,30.9,28.5,56,61,52,19.2,20.9,18.8,1012.2,1012.3,1012.0,4.7,106,11.7,1544.,0.0
A305,05/08/2019,19,28.3,29.8,27.8,62,66,54,20.2,20.9,19.3,1012.1,1012.3,1012.1,5.1,98,10.6,1120.,0.0
A305,05/08/2019,20,27.4,28.3,27.4,68,68,62,21.0,21.1,20.2,1012.5,1012.5,1012.1,3.8,103,10.6,792.6,0.0
A305,05/08/2019,21,26.5,27.4,26.4,73,73,68,21.2,21.3,20.5,1013.1,1013.1,1012.5,4.4,108,11.5,122.4,0.0
A305,05/08/2019,22,26.4,26.7,26.4,73,73,71,21.1,21.3,20.8,1013.3,1013.4,1013.1,4.3,101,11.5,-3.22,0.0
A305,05/08/2019,23,26.2,26.4,26.2,72,74,72,20.7,21.4,20.7,1013.9,1013.9,1013.2,4.4,109,12.6,-3.35,0.0
A305,06/08/2019,00,26.3,26.3,26.1,72,73,72,20.8,20.9,20.7,1014.3,1014.3,1013.9,2.9,119,11.0,-3.54,0.0
A305,06/08/2019,01,26.4,26.6,26.3,72,72,71,20.9,20.9,20.7,1014.6,1014.6,1014.3,3.9,110,9.3,-3.54,0.0
A305,06/08/2019,02,26.2,26.5,26.1,72,73,71,20.7,20.9,20.7,1015.0,1015.0,1014.6,2.9,126,9.2,-3.54,0.0
A305,06/08/2019,03,26.1,26.4,26.0,71,72,71,20.4,20.8,20.4,1015.1,1015.3,1015.0,3.4,122,8.1,-3.52,0.0
A305,06/08/2019,04,25.8,26.2,25.8,70,73,69,19.9,20.9,19.9,1015.0,1015.1,1015.0,3.1,125,10.1,-2.70,0.0
A305,06/08/2019,05,26.0,26.1,25.8,66,70,65,19.0,20.0,19.0,1014.4,1015.0,1014.4,3.5,140,8.2,-2.80,0.0
A305,06/08/2019,06,25.9,26.1,25.3,63,67,63,18.2,19.0,18.2,1014.0,1014.4,1014.0,2.8,128,8.2,-3.43,0.0
A305,06/08/2019,07,25.6,26.0,25.6,68,68,63,19.2,19.2,18.2,1014.5,1014.5,1014.0,3.9,125,10.2,-3.01,0.0
A305,06/08/2019,08,24.1,25.6,24.0,70,70,64,18.2,19.3,17.9,1015.0,1015.0,1014.5,3.2,137,10.3,-2.44,0.0
A305,06/08/2019,09,22.6,24.1,22.6,82,82,70,19.4,19.4,18.2,1015.3,1015.4,1014.9,2.2,117,7.9,-1.52,0.0
A305,06/08/2019,10,22.5,23.3,22.5,80,83,76,18.8,19.7,18.6,1016.0,1016.0,1015.3,3.0,128,8.2,85.54,0.0
A305,06/08/2019,11,22.0,22.5,21.7,89,89,80,20.1,20.2,18.8,1016.4,1016.4,1016.0,2.1,138,6.4,346.7,0.4
A305,06/08/2019,12,23.0,23.1,21.8,90,91,89,21.3,21.5,19.9,1016.3,1016.8,1016.3,1.4,130,4.6,621.9,2.8
A305,06/08/2019,13,25.7,25.7,22.9,74,91,74,20.8,22.1,20.8,1016.3,1016.5,1016.2,2.2,146,5.5,1120.,0.0
A305,06/08/2019,14,26.1,27.1,25.2,70,75,66,20.2,21.2,19.8,1015.9,1016.3,1015.8,3.4,132,9.8,1248.,0.0
A305,06/08/2019,15,25.1,26.7,24.0,83,86,66,22.1,22.1,19.6,1015.3,1015.9,1015.3,3.4,152,11.3,1576.,0.6
A305,06/08/2019,16,27.5,28.2,25.1,62,84,62,19.6,22.4,19.6,1014.1,1015.4,1014.1,4.1,137,9.6,2169.,0.0
A305,06/08/2019,17,23.3,28.1,23.0,85,85,62,20.6,20.7,19.6,1014.3,1014.6,1013.9,4.2,120,15.4,1314.,0.2
A305,06/08/2019,18,26.0,26.0,23.3,69,86,69,20.0,21.2,19.8,1013.6,1014.4,1013.6,3.2,138,9.0,897.1,0.0
A305,06/08/2019,19,23.8,26.2,23.3,82,87,67,20.6,21.4,19.5,1013.8,1014.0,1013.6,2.2,106,10.9,602.2,0.2
A305,06/08/2019,20,24.9,24.9,23.8,77,82,77,20.6,20.8,20.5,1013.8,1013.9,1013.5,1.7,139,5.2,265.2,0.0
A305,06/08/2019,21,24.8,25.2,24.7,77,78,75,20.5,20.8,20.4,1013.9,1013.9,1013.7,1.5,136,6.3,85.25,0.0
A305,06/08/2019,22,24.2,24.8,24.2,79,79,75,20.2,20.5,19.9,1014.4,1014.4,1013.9,1.7,180,4.9,-2.80,0.0
A305,06/08/2019,23,23.1,24.2,22.9,89,89,79,21.1,21.1,20.2,1014.7,1014.7,1014.2,1.5,192,4.9,-3.33,0.6
A305,07/08/2019,00,23.1,23.1,22.9,89,89,89,21.2,21.2,21.0,1015.3,1015.3,1014.7,0.7,173,2.6,-2.06,0.0
A305,07/08/2019,01,22.8,23.1,22.7,90,90,89,21.1,21.3,21.0,1015.4,1015.4,1015.3,0.2,175,2.0,-2.67,0.0
A305,07/08/2019,02,22.5,22.8,22.5,91,91,90,20.9,21.1,20.9,1015.5,1015.5,1015.3,0.3,161,1.4,-2.73,0.0
A305,07/08/2019,03,22.5,22.6,22.3,91,91,91,21.0,21.1,20.8,1015.1,1015.5,1015.1,0.3,165,1.6,-1.92,0.0
A305,07/08/2019,04,22.6,22.7,22.4,91,91,91,21.0,21.1,20.9,1014.5,1015.1,1014.5,0.4,164,1.9,-1.36,0.0
A305,07/08/2019,05,22.9,23.1,22.5,85,91,85,20.3,21.0,20.3,1014.2,1014.5,1014.2,1.3,140,4.2,-3.19,0.0
A305,07/08/2019,06,22.7,23.1,22.7,84,85,83,19.9,20.3,19.9,1014.4,1014.4,1014.1,1.0,153,3.9,-3.49,0.0
A305,07/08/2019,07,22.5,22.9,22.5,80,85,79,19.0,19.9,18.9,1014.6,1014.6,1014.3,1.4,152,4.4,-3.53,0.0
A305,07/08/2019,08,22.1,22.5,22.1,83,83,80,19.1,19.2,18.9,1015.0,1015.0,1014.6,2.0,169,4.4,-2.62,0.0
A305,07/08/2019,09,22.2,22.4,22.1,84,84,82,19.3,19.4,19.1,1015.1,1015.2,1015.0,1.9,164,4.5,2.356,0.0
A305,07/08/2019,10,23.4,23.5,22.2,76,84,76,19.0,19.5,19.0,1015.6,1015.6,1015.1,2.3,164,4.6,238.6,0.0
A305,07/08/2019,11,25.6,25.7,23.3,66,77,65,18.7,19.6,18.6,1015.7,1015.7,1015.5,2.9,165,6.6,983.5,0.0
A305,07/08/2019,12,27.2,27.2,25.5,61,68,61,19.2,19.3,18.5,1015.8,1015.8,1015.6,3.3,160,8.2,1485.,0.0
A305,07/08/2019,13,27.7,28.4,27.1,57,62,56,18.4,19.5,18.2,1015.7,1015.9,1015.7,4.3,142,9.3,1561.,0.0
A305,07/08/2019,14,27.2,27.9,27.0,61,61,57,18.9,18.9,18.3,1015.5,1015.7,1015.5,4.0,127,10.6,878.0,0.0
A305,07/08/2019,15,29.0,29.1,26.9,56,63,56,19.5,19.8,18.8,1014.8,1015.5,1014.7,3.2,148,8.9,1422.,0.0
A305,07/08/2019,16,30.0,30.1,28.9,47,57,46,17.5,19.6,16.8,1013.8,1014.8,1013.8,4.8,130,11.3,2089.,0.0
A305,07/08/2019,17,29.9,30.5,29.5,53,55,45,19.3,19.8,17.1,1012.9,1013.8,1012.9,4.9,106,10.9,2209.,0.0
A305,07/08/2019,18,29.7,30.4,29.4,50,54,48,18.2,19.9,17.9,1012.2,1012.9,1012.2,4.5,105,9.6,1910.,0.0
A305,07/08/2019,19,28.5,29.7,28.3,60,61,50,20.0,20.1,18.2,1012.4,1012.4,1012.2,4.4,101,10.0,1424.,0.0
A305,07/08/2019,20,27.3,28.5,27.3,66,66,60,20.3,20.4,19.8,1012.5,1012.6,1012.4,4.1,106,9.4,801.3,0.0
A305,07/08/2019,21,26.1,27.3,26.0,75,75,66,21.2,21.2,20.4,1012.9,1012.9,1012.5,2.5,102,8.0,129.4,0.0
A305,07/08/2019,22,26.0,26.1,25.9,77,77,75,21.6,21.7,21.2,1013.2,1013.2,1012.9,2.6,103,7.2,-3.54,0.0
A305,07/08/2019,23,25.6,26.0,25.5,78,78,76,21.4,21.6,21.4,1013.8,1013.8,1013.2,1.7,111,5.7,-3.54,0.0
A305,08/08/2019,00,25.3,25.7,25.3,79,79,78,21.4,21.5,21.3,1014.4,1014.4,1013.8,1.1,118,4.0,-3.54,0.0
A305,08/08/2019,01,25.8,25.8,25.2,79,80,79,21.8,21.8,21.4,1014.9,1014.9,1014.4,2.4,111,6.0,-3.52,0.0
A305,08/08/2019,02,26.1,26.2,25.7,77,79,76,21.7,21.8,21.6,1014.8,1014.9,1014.8,3.3,115,7.4,-2.71,0.0
A305,08/08/2019,03,25.7,26.2,25.7,76,78,75,21.2,21.9,21.2,1014.4,1014.8,1014.4,3.0,129,9.5,-3.25,0.0
A305,08/08/2019,04,25.0,25.7,25.0,75,76,73,20.3,21.2,20.2,1013.8,1014.4,1013.8,2.5,150,9.7,-3.53,0.0
A305,08/08/2019,05,23.8,25.0,23.8,75,77,74,19.1,20.3,19.1,1013.6,1013.8,1013.6,1.9,155,5.5,-3.54,0.0
A305,08/08/2019,06,23.3,23.9,23.3,77,78,75,18.9,19.2,18.9,1013.1,1013.6,1013.1,2.4,169,5.9,-3.52,0.0
A305,08/08/2019,07,22.7,23.3,22.7,76,77,75,18.2,18.9,18.2,1013.3,1013.3,1013.1,2.8,168,6.8,-3.53,0.0
A305,08/08/2019,08,22.5,22.9,22.4,74,76,74,17.6,18.2,17.6,1013.9,1013.9,1013.3,2.9,170,6.3,-3.54,0.0
A305,08/08/2019,09,22.5,22.6,22.4,73,74,73,17.5,17.7,17.5,1014.2,1014.2,1013.8,2.9,168,7.0,1.745,0.0
A305,08/08/2019,10,23.9,23.9,22.5,68,73,68,17.6,17.7,17.5,1014.6,1014.6,1014.2,3.7,165,7.7,288.0,0.0
A305,08/08/2019,11,25.5,25.5,23.9,63,68,62,18.0,18.0,17.4,1015.1,1015.1,1014.6,4.3,162,10.2,1012.,0.0
A305,08/08/2019,12,27.2,27.5,25.5,54,63,54,17.1,18.4,17.1,1015.3,1015.4,1015.1,4.2,166,10.1,1609.,0.0
A305,08/08/2019,13,28.9,29.2,27.1,48,56,48,16.9,18.3,16.9,1015.0,1015.3,1014.9,3.4,151,9.8,1827.,0.0
A305,08/08/2019,14,30.4,30.6,28.9,43,50,42,16.4,17.9,16.3,1014.4,1015.0,1014.4,3.7,169,9.6,2383.,0.0
A305,08/08/2019,15,31.4,31.4,30.3,41,45,39,16.4,17.3,15.4,1013.4,1014.5,1013.4,3.3,140,9.9,2535.,0.0
A305,08/08/2019,16,30.8,32.0,30.7,49,50,36,18.9,19.0,14.8,1012.4,1013.4,1012.4,4.0,97,9.0,2483.,0.0
A305,08/08/2019,17,30.1,31.0,29.9,50,52,47,18.6,19.4,18.1,1011.5,1012.4,1011.5,4.1,95,8.1,2252.,0.0
A305,08/08/2019,18,29.4,30.6,29.4,52,53,48,18.6,19.3,18.1,1011.3,1011.5,1011.3,4.1,97,8.5,1913.,0.0
A305,08/08/2019,19,28.6,29.5,28.6,54,56,52,18.5,19.1,18.1,1011.3,1011.3,1011.2,4.2,94,8.8,1451.,0.0
A305,08/08/2019,20,27.5,28.6,27.5,57,57,53,18.1,18.6,17.9,1011.6,1011.6,1011.3,4.1,100,9.4,849.2,0.0
A305,08/08/2019,21,26.1,27.5,26.1,70,70,57,20.1,20.1,18.2,1012.5,1012.5,1011.6,2.4,100,7.3,149.4,0.0
A305,08/08/2019,22,25.8,26.1,25.7,75,75,70,21.1,21.1,20.1,1013.2,1013.2,1012.5,2.0,104,5.5,-3.54,0.0
A305,08/08/2019,23,25.5,25.9,25.4,75,76,74,20.7,21.2,20.6,1014.0,1014.0,1013.2,1.5,112,5.1,-3.54,0.0
A305,09/08/2019,00,25.6,25.7,25.3,77,77,75,21.2,21.2,20.6,1014.5,1014.5,1014.0,1.9,107,4.9,-3.54,0.0
A305,09/08/2019,01,25.7,25.8,25.6,75,77,75,21.0,21.3,21.0,1014.7,1014.7,1014.5,2.6,116,5.3,-3.54,0.0
A305,09/08/2019,02,25.6,25.8,25.6,71,76,70,19.9,21.1,19.9,1014.4,1014.7,1014.4,1.9,125,5.9,-3.54,0.0
A305,09/08/2019,03,25.5,25.8,25.3,68,71,68,19.2,19.9,19.2,1014.2,1014.5,1014.2,2.8,129,7.4,-3.54,0.0
A305,09/08/2019,04,25.2,25.5,25.1,67,70,67,18.7,19.3,18.7,1013.6,1014.2,1013.6,2.9,134,7.4,-3.54,0.0
A305,09/08/2019,05,24.3,25.2,24.3,67,67,66,17.9,18.7,17.9,1013.1,1013.6,1013.1,2.0,147,6.6,-3.54,0.0
A305,09/08/2019,06,24.0,24.3,23.7,68,71,67,17.7,18.1,17.7,1013.0,1013.2,1013.0,2.2,159,5.4,-3.36,0.0
A305,09/08/2019,07,23.4,24.0,23.4,68,68,67,17.2,17.7,17.1,1013.0,1013.0,1012.9,2.7,156,6.2,-3.53,0.0
A305,09/08/2019,08,22.8,23.4,22.8,71,71,68,17.2,17.3,17.1,1013.5,1013.5,1013.0,2.4,158,6.0,-3.54,0.0
A305,09/08/2019,09,22.3,22.8,22.3,73,73,71,17.2,17.2,17.1,1013.7,1013.7,1013.5,2.2,158,6.2,0.688,0.0
A305,09/08/2019,10,23.9,23.9,22.2,69,74,68,17.7,17.9,17.2,1014.3,1014.3,1013.7,2.6,164,5.6,282.6,0.0
A305,09/08/2019,11,26.0,26.0,23.9,60,69,60,17.6,18.0,17.2,1014.8,1014.8,1014.3,2.8,167,8.4,1016.,0.0
A305,09/08/2019,12,27.4,27.4,25.7,54,60,51,17.2,17.7,16.0,1015.1,1015.1,1014.8,4.1,160,9.9,1623.,0.0
A305,09/08/2019,13,28.9,29.1,27.4,43,54,43,15.1,17.3,15.1,1014.9,1015.1,1014.9,3.6,148,11.1,1885.,0.0
A305,09/08/2019,14,30.3,30.3,28.5,41,46,40,15.6,16.2,14.6,1014.4,1014.9,1014.4,3.3,147,8.7,2372.,0.0
A305,09/08/2019,15,30.8,31.5,29.3,42,44,38,16.6,16.9,14.5,1013.5,1014.4,1013.5,3.4,106,9.9,2561.,0.0
A305,09/08/2019,16,30.6,31.1,29.9,42,45,40,16.3,17.5,15.8,1012.4,1013.5,1012.4,4.1,101,9.0,2444.,0.0
A305,09/08/2019,17,29.6,30.5,29.1,47,49,42,17.2,17.9,16.3,1011.7,1012.5,1011.7,4.4,96,9.1,2250.,0.0
A305,09/08/2019,18,29.0,29.7,28.7,49,50,46,17.3,17.4,16.3,1011.5,1011.7,1011.5,4.8,99,9.9,1914.,0.0
A305,09/08/2019,19,28.4,29.0,28.3,54,55,49,18.3,18.7,17.1,1011.7,1011.7,1011.5,4.3,96,9.5,1445.,0.0
A305,09/08/2019,20,26.9,28.6,26.9,65,65,54,19.8,19.8,18.5,1012.0,1012.0,1011.7,4.1,104,9.1,831.7,0.0
A305,09/08/2019,21,26.2,27.0,26.1,69,69,65,20.0,20.1,19.8,1012.7,1012.7,1012.0,3.7,105,8.5,141.6,0.0
A305,09/08/2019,22,25.9,26.2,25.9,69,71,69,19.8,20.3,19.8,1013.3,1013.3,1012.7,2.7,109,7.3,-3.54,0.0
A305,09/08/2019,23,25.6,25.9,25.6,70,70,69,19.7,19.9,19.6,1013.9,1013.9,1013.3,1.9,127,5.9,-3.54,0.0
A305,10/08/2019,00,25.4,25.7,25.4,71,71,70,19.7,19.9,19.6,1014.7,1014.7,1014.0,1.5,142,5.5,-3.54,0.0
A305,10/08/2019,01,23.9,25.5,23.9,79,79,70,20.0,20.0,19.6,1014.9,1015.0,1014.7,1.0,175,4.1,-3.54,0.0
A305,10/08/2019,02,25.2,25.2,23.7,67,80,67,18.7,20.2,18.7,1014.8,1015.0,1014.8,2.3,141,5.4,-3.54,0.0
A305,10/08/2019,03,24.7,25.4,24.5,68,68,64,18.3,18.7,18.1,1014.6,1014.9,1014.6,1.5,152,5.4,-3.54,0.0
A305,10/08/2019,04,24.1,24.8,24.0,70,70,67,18.2,18.3,18.1,1013.8,1014.6,1013.8,1.6,156,5.6,-3.54,0.0
A305,10/08/2019,05,23.0,24.1,23.0,73,74,70,18.0,18.2,17.9,1013.3,1013.8,1013.3,1.8,159,3.7,-3.54,0.0
A305,10/08/2019,06,22.7,23.0,22.6,74,75,73,17.9,18.1,17.9,1013.1,1013.3,1013.0,1.7,172,3.8,-3.54,0.0
A305,10/08/2019,07,22.6,22.8,22.5,70,74,70,16.9,17.9,16.9,1013.3,1013.3,1013.1,2.7,172,5.3,-3.54,0.0
A305,10/08/2019,08,22.3,22.6,22.2,70,71,69,16.7,16.9,16.4,1013.8,1013.8,1013.3,3.2,171,6.1,-3.54,0.0
A305,10/08/2019,09,22.4,22.5,22.3,68,71,68,16.1,16.8,16.1,1014.2,1014.2,1013.8,3.1,173,6.7,1.569,0.0
A305,10/08/2019,10,23.5,23.5,22.3,64,68,64,16.4,16.5,16.0,1014.8,1014.8,1014.2,2.3,176,6.5,291.7,0.0
A305,10/08/2019,11,25.7,25.7,23.5,58,64,58,16.8,16.9,16.0,1015.5,1015.5,1014.8,3.5,172,9.1,1016.,0.0
A305,10/08/2019,12,26.9,27.1,25.6,58,60,57,17.9,18.4,16.7,1015.6,1015.8,1015.5,3.8,149,9.8,1599.,0.0
A305,10/08/2019,13,28.8,28.9,26.8,50,59,50,17.5,18.6,17.4,1015.1,1015.6,1015.0,4.3,154,10.1,1913.,0.0
A305,10/08/2019,14,30.2,30.5,28.5,42,52,41,15.9,18.0,15.7,1014.4,1015.1,1014.3,4.7,128,10.8,2418.,0.0
A305,10/08/2019,15,30.5,31.0,29.9,41,45,38,15.7,16.6,14.3,1013.7,1014.4,1013.6,5.6,115,12.5,2600.,0.0
A305,10/08/2019,16,29.9,30.9,29.7,44,47,38,16.1,17.5,14.7,1013.0,1013.7,1013.0,6.0,105,12.1,2540.,0.0
A305,10/08/2019,17,29.4,30.2,29.2,50,51,42,17.9,18.1,15.6,1012.4,1013.0,1012.4,5.4,104,12.4,2279.,0.0
A305,10/08/2019,18,29.3,29.8,28.9,54,55,49,18.9,19.1,17.9,1011.9,1012.4,1011.8,5.3,91,11.5,1917.,0.0
A305,10/08/2019,19,28.3,29.3,28.3,57,58,52,18.9,19.6,18.1,1012.0,1012.0,1011.8,5.0,98,10.4,1444.,0.0
A305,10/08/2019,20,27.4,28.4,27.4,64,64,57,20.0,20.0,18.9,1012.5,1012.5,1012.0,4.4,95,10.1,826.1,0.0
A305,10/08/2019,21,26.3,27.4,26.2,72,72,64,20.9,20.9,20.0,1013.1,1013.1,1012.5,3.2,101,8.6,136.6,0.0
A305,10/08/2019,22,25.9,26.3,25.8,74,76,72,20.9,21.3,20.9,1013.6,1013.6,1013.1,2.4,107,6.5,-3.54,0.0
A305,10/08/2019,23,25.6,26.0,25.6,74,75,73,20.6,20.9,20.6,1014.4,1014.4,1013.6,1.5,119,5.5,-3.54,0.0
A305,11/08/2019,00,25.3,25.7,25.3,77,77,74,20.9,20.9,20.5,1014.8,1014.8,1014.4,1.1,126,3.7,-3.54,0.0
A305,11/08/2019,01,25.6,25.6,25.3,78,78,77,21.4,21.4,20.9,1015.1,1015.1,1014.8,1.8,112,4.4,-3.54,0.0
A305,11/08/2019,02,25.8,25.8,25.4,79,79,77,21.9,21.9,21.2,1014.9,1015.1,1014.9,2.6,112,5.6,-3.46,0.0
A305,11/08/2019,03,25.9,26.0,25.8,78,79,77,21.7,21.9,21.7,1014.4,1014.9,1014.4,2.7,116,7.0,-3.18,0.0
A305,11/08/2019,04,25.7,25.9,25.7,78,78,78,21.6,21.7,21.6,1013.8,1014.4,1013.8,2.0,119,6.4,-2.38,0.0
A305,11/08/2019,05,25.5,25.7,25.5,78,78,76,21.4,21.6,21.2,1013.4,1013.8,1013.4,1.9,136,7.4,-3.46,0.0
A305,11/08/2019,06,25.0,25.5,25.0,78,79,78,21.0,21.5,20.9,1013.2,1013.4,1013.2,2.1,145,5.2,-3.37,0.0
A305,11/08/2019,07,24.3,25.0,24.3,82,82,78,20.9,21.1,20.9,1013.2,1013.3,1013.1,1.8,162,4.9,-3.54,0.0
A305,11/08/2019,08,24.0,24.3,23.9,81,83,81,20.6,21.0,20.6,1013.6,1013.6,1013.2,2.2,158,5.6,-3.54,0.0
A305,11/08/2019,09,23.5,24.0,23.4,82,82,80,20.3,20.6,20.2,1014.0,1014.0,1013.5,2.1,163,5.6,2.447,0.0
A305,11/08/2019,10,24.9,24.9,23.4,77,83,77,20.5,20.6,20.3,1014.7,1014.7,1014.0,2.7,161,5.1,279.2,0.0
A305,11/08/2019,11,26.6,26.7,24.9,65,77,65,19.5,20.7,19.5,1015.1,1015.2,1014.7,3.5,152,8.2,995.5,0.0
A305,11/08/2019,12,28.4,28.9,26.4,52,66,51,17.5,19.7,17.5,1015.2,1015.3,1015.1,2.9,145,9.1,1601.,0.0
A305,11/08/2019,13,29.4,29.9,28.3,48,53,47,17.4,18.6,17.1,1015.2,1015.4,1015.2,3.6,147,9.7,1911.,0.0
A305,11/08/2019,14,30.5,30.6,29.3,45,50,44,17.1,18.3,16.8,1014.5,1015.2,1014.4,3.4,127,8.6,2408.,0.0
A305,11/08/2019,15,31.0,31.5,30.4,46,48,43,18.0,18.8,17.0,1013.3,1014.4,1013.2,3.5,111,9.5,2562.,0.0
A305,11/08/2019,16,31.2,31.8,30.6,46,48,44,18.2,18.9,17.5,1012.3,1013.3,1012.3,3.7,96,8.6,2511.,0.0
A305,11/08/2019,17,30.6,31.2,30.2,51,51,46,19.2,19.5,18.2,1011.3,1012.3,1011.2,3.7,93,7.9,2272.,0.0
A305,11/08/2019,18,29.9,30.8,29.6,52,53,49,18.8,19.5,18.4,1010.9,1011.3,1010.9,3.5,94,7.9,1909.,0.0
A305,11/08/2019,19,28.8,30.3,28.8,56,58,51,19.3,19.8,18.5,1010.7,1010.9,1010.6,3.9,88,7.8,1435.,0.0
A305,11/08/2019,20,27.5,29.0,27.5,66,66,57,20.7,20.8,19.5,1010.9,1010.9,1010.6,3.5,101,8.6,817.6,0.0
A305,11/08/2019,21,26.3,27.6,26.3,75,75,66,21.5,21.5,20.7,1011.4,1011.5,1010.9,2.9,108,7.8,133.6,0.0
A305,11/08/2019,22,25.9,26.3,25.8,79,79,75,21.9,21.9,21.5,1011.9,1011.9,1011.4,1.8,105,5.9,-3.54,0.0
A305,11/08/2019,23,25.8,26.0,25.7,80,80,78,22.1,22.2,21.9,1012.5,1012.5,1011.9,1.8,105,4.9,-3.54,0.0
A305,12/08/2019,00,25.6,25.9,25.6,82,82,80,22.2,22.3,22.0,1013.0,1013.0,1012.5,1.4,110,3.8,-3.54,0.0
A305,12/08/2019,01,25.6,25.7,25.5,80,82,80,21.9,22.3,21.8,1013.1,1013.1,1013.0,1.1,116,4.1,-3.54,0.0
A305,12/08/2019,02,25.5,25.6,25.2,78,80,78,21.3,21.9,21.3,1012.9,1013.1,1012.9,1.6,125,4.9,-3.54,0.0
A305,12/08/2019,03,25.4,25.6,25.3,77,78,76,21.1,21.3,21.1,1012.5,1012.9,1012.5,1.3,125,5.2,-3.29,0.0
A305,12/08/2019,04,25.4,25.6,25.3,75,77,74,20.6,21.2,20.6,1012.1,1012.5,1012.1,2.2,122,5.4,-3.51,0.0
A305,12/08/2019,05,25.1,25.5,25.0,75,75,74,20.3,20.7,20.3,1011.5,1012.2,1011.5,2.3,130,6.2,-3.54,0.0
A305,12/08/2019,06,24.8,25.3,24.8,76,76,73,20.2,20.3,20.1,1011.2,1011.5,1011.2,1.4,152,6.2,-3.52,0.0
A305,12/08/2019,07,24.3,25.0,24.3,78,78,76,20.2,20.4,20.1,1011.3,1011.4,1011.2,1.8,157,4.7,-3.22,0.0
A305,12/08/2019,08,23.5,24.3,23.5,80,80,78,20.0,20.2,20.0,1011.4,1011.4,1011.2,2.1,165,4.4,-3.54,0.0
A305,12/08/2019,09,23.3,23.5,23.2,80,81,80,19.7,20.0,19.6,1011.8,1011.8,1011.3,2.1,156,5.3,1.648,0.0
A305,12/08/2019,10,24.3,24.3,23.3,72,80,71,18.9,19.7,18.9,1012.4,1012.4,1011.7,2.8,157,6.4,277.6,0.0
A305,12/08/2019,11,26.1,26.2,24.4,65,72,65,19.1,19.3,18.8,1013.2,1013.2,1012.5,3.2,145,9.1,981.1,0.0
A305,12/08/2019,12,27.9,28.0,26.0,58,66,57,18.9,19.5,18.6,1013.3,1013.3,1013.2,3.4,150,9.1,1598.,0.0
A305,12/08/2019,13,29.2,29.2,26.9,53,60,53,18.7,18.9,18.2,1013.1,1013.4,1013.1,3.9,149,9.6,1636.,0.0
A305,12/08/2019,14,30.7,30.8,28.9,47,53,46,17.9,18.8,17.3,1012.2,1013.1,1012.2,3.8,119,9.4,2362.,0.0
A305,12/08/2019,15,30.1,31.6,30.0,50,50,45,18.5,19.2,17.7,1011.1,1012.2,1011.1,4.9,107,9.6,2630.,0.0
A305,12/08/2019,16,30.1,30.9,29.8,54,54,48,19.8,20.4,18.3,1010.3,1011.1,1010.3,4.0,113,10.1,2512.,0.0
A305,12/08/2019,17,29.8,30.4,29.3,55,58,54,19.9,20.8,19.5,1009.6,1010.3,1009.6,4.3,102,9.1,2271.,0.0
A305,12/08/2019,18,29.7,30.0,29.1,58,59,55,20.5,20.6,19.5,1009.2,1009.6,1009.2,3.5,97,9.8,1895.,0.0
A305,12/08/2019,19,28.4,29.7,28.2,63,63,57,20.7,20.7,19.8,1009.4,1009.4,1009.2,4.5,99,10.2,1407.,0.0
A305,12/08/2019,20,27.4,28.5,27.4,68,68,62,20.9,21.2,20.2,1009.6,1009.6,1009.4,3.8,97,9.2,793.6,0.0
A305,12/08/2019,21,26.3,27.4,26.2,75,75,68,21.5,21.5,20.9,1010.2,1010.2,1009.6,2.6,99,8.0,126.0,0.0
A305,12/08/2019,22,26.2,26.4,26.1,75,76,74,21.3,21.6,21.3,1011.0,1011.0,1010.2,2.6,104,5.8,-3.54,0.0
A305,12/08/2019,23,26.3,26.4,26.0,76,76,74,21.6,21.7,21.3,1011.8,1011.8,1011.0,2.5,108,6.3,-3.42,0.0
A305,13/08/2019,00,26.5,26.5,26.3,76,76,75,21.8,21.9,21.7,1012.6,1012.6,1011.8,2.5,104,6.9,-2.45,0.0
A305,13/08/2019,01,26.6,26.6,26.5,75,76,74,21.9,21.9,21.6,1012.9,1012.9,1012.5,3.1,110,7.9,-1.96,0.0
A305,13/08/2019,02,26.5,26.6,26.5,74,76,73,21.5,21.9,21.4,1012.6,1012.9,1012.6,3.9,112,9.1,-1.87,0.0
A305,13/08/2019,03,25.7,26.5,25.7,75,75,72,20.9,21.6,20.7,1012.4,1012.7,1012.4,2.5,123,9.6,-3.36,0.0
A305,13/08/2019,04,25.2,25.8,25.2,75,76,75,20.5,21.0,20.4,1011.7,1012.4,1011.7,2.2,133,5.9,-3.54,0.0
A305,13/08/2019,05,25.1,25.3,25.1,76,77,75,20.7,20.7,20.4,1011.4,1011.7,1011.4,1.3,159,5.2,-3.05,0.0
A305,13/08/2019,06,24.7,25.1,24.7,75,77,75,20.0,20.6,20.0,1011.2,1011.4,1011.2,1.7,168,5.1,-2.61,0.0
A305,13/08/2019,07,24.0,24.7,23.9,76,76,75,19.5,20.0,19.5,1011.2,1011.3,1011.2,2.3,170,4.0,-3.50,0.0
A305,13/08/2019,08,23.8,24.1,23.8,73,76,72,18.6,19.5,18.5,1011.3,1011.3,1011.1,2.1,167,4.9,-3.53,0.0
A305,13/08/2019,09,23.1,23.8,23.1,76,76,73,18.6,18.6,18.2,1012.0,1012.0,1011.3,1.5,154,5.0,1.617,0.0
A305,13/08/2019,10,24.7,24.7,23.0,69,77,69,18.6,19.0,18.5,1012.5,1012.5,1011.9,2.5,166,5.5,291.9,0.0
A305,13/08/2019,11,26.6,26.6,24.7,58,69,58,17.7,19.0,17.5,1013.0,1013.1,1012.5,3.4,168,8.3,1026.,0.0
A305,13/08/2019,12,28.1,28.1,26.3,49,58,49,16.4,17.8,16.3,1013.5,1013.6,1013.0,3.7,168,8.4,1610.,0.0
A305,13/08/2019,13,29.7,29.7,27.8,46,51,45,16.8,17.3,15.9,1013.2,1013.6,1013.2,3.5,159,8.8,1930.,0.0
A305,13/08/2019,14,31.2,31.4,29.5,40,46,39,16.1,16.9,15.3,1012.6,1013.2,1012.5,2.6,150,8.0,2409.,0.0
A305,13/08/2019,15,31.8,32.2,30.7,39,41,37,16.1,16.7,15.3,1011.2,1012.5,1011.2,3.5,146,9.1,2553.,0.0
A305,13/08/2019,16,31.4,32.2,30.6,45,46,38,18.0,18.1,15.9,1010.3,1011.3,1010.3,3.6,88,7.8,2502.,0.0
A305,13/08/2019,17,30.5,31.9,30.2,42,46,42,16.2,18.5,16.2,1009.6,1010.3,1009.6,4.7,96,10.5,2269.,0.0
A305,13/08/2019,18,30.6,31.0,29.5,45,49,42,17.3,17.8,16.2,1009.2,1009.6,1009.2,3.6,79,10.5,1910.,0.0
A305,13/08/2019,19,29.0,30.6,28.4,54,57,44,18.6,19.3,16.7,1009.3,1009.3,1009.1,3.3,85,9.0,1440.,0.0
A305,13/08/2019,20,27.3,28.9,27.3,62,62,54,19.3,19.4,18.5,1009.7,1009.7,1009.3,3.5,97,9.3,839.8,0.0
A305,13/08/2019,21,26.4,27.2,26.3,72,72,62,21.0,21.0,19.3,1010.4,1010.5,1009.7,3.4,92,8.0,136.6,0.0
A305,13/08/2019,22,26.2,26.4,26.1,76,76,72,21.6,21.7,21.0,1011.3,1011.3,1010.4,2.8,100,7.2,-3.34,0.0
A305,13/08/2019,23,26.2,26.3,26.1,76,77,76,21.6,21.8,21.6,1012.0,1012.0,1011.3,2.8,96,6.3,-2.61,0.0
A305,14/08/2019,00,26.5,26.5,26.2,75,76,75,21.6,21.7,21.5,1012.8,1012.8,1012.0,3.1,98,6.5,-2.78,0.0
A305,14/08/2019,01,26.3,26.5,26.2,75,75,73,21.5,21.6,21.3,1013.2,1013.2,1012.8,2.7,104,8.1,-1.93,0.0
A305,14/08/2019,02,26.3,26.4,26.3,74,75,73,21.3,21.5,21.2,1013.3,1013.3,1013.2,3.3,100,7.9,-2.03,0.0
A305,14/08/2019,03,26.2,26.4,26.1,76,76,74,21.7,21.7,21.3,1013.0,1013.3,1013.0,2.7,103,6.3,-2.51,0.0
A305,14/08/2019,04,25.9,26.2,25.9,76,77,75,21.2,21.7,21.2,1012.6,1013.0,1012.6,1.8,115,6.2,-2.48,0.0
A305,14/08/2019,05,25.6,25.9,25.6,76,76,75,21.2,21.2,21.0,1012.2,1012.6,1012.2,2.2,113,6.4,-3.49,0.0
A305,14/08/2019,06,25.3,25.7,25.3,80,80,76,21.5,21.5,21.2,1012.0,1012.2,1012.0,2.3,128,6.0,-3.46,0.0
A305,14/08/2019,07,24.7,25.3,24.7,80,82,80,21.1,21.8,21.1,1012.0,1012.1,1011.9,1.3,132,5.8,-3.54,0.0
A305,14/08/2019,08,24.3,24.7,24.3,83,83,80,21.2,21.3,21.0,1012.2,1012.2,1012.0,1.3,168,3.0,-3.53,0.0
A305,14/08/2019,09,24.2,24.4,24.1,84,84,83,21.2,21.4,21.1,1012.5,1012.5,1012.2,0.9,148,3.3,0.884,0.0
A305,14/08/2019,10,25.1,25.1,24.2,83,84,83,22.1,22.1,21.3,1013.1,1013.1,1012.5,2.1,140,5.5,129.4,0.0
A305,14/08/2019,11,25.2,25.6,24.4,86,88,82,22.7,23.0,21.6,1013.8,1013.8,1013.1,1.8,146,5.0,509.0,0.8
A305,14/08/2019,12,25.0,25.2,24.3,83,87,83,21.8,22.8,21.8,1014.5,1014.5,1013.8,2.9,146,7.4,544.4,0.6
A305,14/08/2019,13,27.6,27.6,24.9,71,83,70,21.9,22.4,21.3,1014.2,1014.5,1014.2,2.9,135,8.6,1348.,0.0
A305,14/08/2019,14,29.2,30.1,27.6,60,72,57,20.5,22.6,20.1,1013.7,1014.2,1013.6,4.2,125,9.9,2095.,0.0
A305,14/08/2019,15,29.6,30.2,28.2,59,63,58,20.8,21.6,20.1,1013.0,1013.7,1012.9,5.1,105,10.3,1732.,0.0
A305,14/08/2019,16,30.2,30.6,28.4,55,62,55,20.3,21.3,19.9,1012.0,1013.0,1012.0,4.4,101,11.6,2222.,0.0
A305,14/08/2019,17,29.8,31.0,29.4,56,57,52,20.0,20.6,19.0,1011.4,1012.0,1011.4,5.1,104,11.2,2231.,0.0
A305,14/08/2019,18,29.2,30.1,29.1,59,59,54,20.3,20.7,19.4,1010.9,1011.4,1010.9,4.3,115,9.9,1958.,0.0
A305,14/08/2019,19,28.6,29.6,28.3,62,63,57,20.6,20.9,19.9,1011.0,1011.0,1010.9,3.9,108,10.4,1421.,0.0
A305,14/08/2019,20,27.4,28.6,27.1,70,70,62,21.4,21.4,20.5,1011.2,1011.2,1010.9,3.1,100,8.6,803.6,0.0
A305,14/08/2019,21,26.2,27.4,26.1,76,76,70,21.5,21.6,21.0,1011.5,1011.5,1011.2,3.7,96,7.5,97.33,0.0
A305,14/08/2019,22,26.2,26.2,26.0,76,77,76,21.6,21.8,21.5,1012.0,1012.0,1011.5,3.0,105,7.3,-3.50,0.0
A305,14/08/2019,23,26.1,26.3,26.0,76,77,75,21.5,21.7,21.5,1012.8,1012.8,1012.0,1.7,100,6.0,-3.36,0.0
A305,15/08/2019,00,26.0,26.2,26.0,76,76,75,21.4,21.5,21.3,1013.4,1013.4,1012.8,1.9,102,5.4,-3.41,0.0
A305,15/08/2019,01,26.1,26.2,25.9,75,76,75,21.4,21.5,21.2,1013.9,1013.9,1013.4,2.1,104,5.5,-3.34,0.0
A305,15/08/2019,02,26.2,26.3,26.0,75,76,75,21.5,21.6,21.4,1013.8,1014.0,1013.8,3.1,103,6.3,-2.39,0.0
A305,15/08/2019,03,26.2,26.3,26.1,74,75,74,21.1,21.5,21.1,1013.6,1013.9,1013.6,2.2,106,6.9,-2.24,0.0
A305,15/08/2019,04,26.1,26.3,26.1,75,75,73,21.3,21.3,21.0,1013.0,1013.6,1013.0,2.4,110,8.7,-1.84,0.0
A305,15/08/2019,05,26.0,26.2,26.0,76,76,74,21.3,21.3,21.0,1012.7,1013.0,1012.7,2.2,128,9.4,-2.71,0.0
A305,15/08/2019,06,25.6,26.0,25.4,77,79,76,21.1,21.5,21.1,1012.4,1012.7,1012.4,2.2,139,6.9,-3.29,0.0
A305,15/08/2019,07,25.2,25.6,25.1,78,79,77,21.2,21.2,21.1,1012.9,1012.9,1012.4,1.9,141,6.1,-3.29,0.0
A305,15/08/2019,08,24.5,25.2,24.5,81,81,78,20.9,21.1,20.9,1013.1,1013.1,1012.9,1.6,152,5.5,-3.49,0.0
A305,15/08/2019,09,24.0,24.6,24.0,82,82,81,20.8,21.0,20.8,1013.6,1013.6,1013.1,2.2,167,4.6,1.859,0.0
A305,15/08/2019,10,25.1,25.2,24.0,76,82,76,20.7,21.0,20.7,1014.5,1014.5,1013.6,2.3,161,6.3,242.5,0.0
A305,15/08/2019,11,26.9,27.0,25.1,68,77,67,20.5,20.8,20.3,1015.2,1015.2,1014.5,3.2,142,8.0,976.3,0.0
A305,15/08/2019,12,27.8,28.4,26.8,60,68,59,19.4,20.9,19.3,1015.4,1015.5,1015.2,4.7,143,10.8,1439.,0.0
A305,15/08/2019,13,28.9,30.0,27.8,57,60,53,19.6,20.3,18.8,1015.4,1015.5,1015.3,3.5,146,10.6,1697.,0.0
A305,15/08/2019,14,30.7,31.2,28.8,47,57,46,18.3,19.9,17.8,1014.9,1015.4,1014.9,4.6,128,11.7,2527.,0.0
A305,15/08/2019,15,30.8,31.7,30.6,51,52,45,19.5,19.9,18.0,1014.0,1014.9,1014.0,5.3,106,11.1,2852.,0.0
A305,15/08/2019,16,30.5,31.3,29.8,53,55,50,19.8,20.2,19.1,1012.9,1014.0,1012.9,4.9,109,11.1,2571.,0.0
A305,15/08/2019,17,30.4,31.1,30.0,55,55,50,20.3,20.6,19.1,1011.6,1012.9,1011.6,3.9,108,10.0,2266.,0.0
A305,15/08/2019,18,29.9,30.9,29.7,55,56,52,19.8,20.7,19.4,1010.9,1011.6,1010.9,4.2,106,9.6,1878.,0.0
A305,15/08/2019,19,29.0,30.4,29.0,60,60,55,20.5,20.8,19.6,1010.9,1011.0,1010.8,4.1,103,10.0,1372.,0.0
A305,15/08/2019,20,27.7,29.1,27.7,67,67,60,21.1,21.2,20.4,1011.0,1011.0,1010.8,3.7,104,9.4,722.5,0.0
A305,15/08/2019,21,26.6,27.7,26.6,73,73,67,21.4,21.5,20.8,1011.1,1011.2,1011.0,4.1,99,7.8,111.6,0.0
A305,15/08/2019,22,26.2,26.6,26.2,78,78,73,22.0,22.0,21.4,1011.6,1011.6,1011.1,3.1,105,8.4,-3.53,0.0
A305,15/08/2019,23,26.1,26.3,26.1,78,78,77,22.0,22.1,21.9,1012.3,1012.3,1011.6,2.3,109,7.3,-3.54,0.0
A305,16/08/2019,00,26.3,26.3,26.1,78,79,78,22.1,22.2,22.0,1012.8,1012.9,1012.3,2.5,109,7.1,-3.52,0.0
A305,16/08/2019,01,26.3,26.5,26.1,78,79,77,22.1,22.2,22.0,1013.1,1013.2,1012.8,3.1,109,7.2,-3.38,0.0
A305,16/08/2019,02,26.4,26.5,26.3,76,78,76,21.9,22.1,21.9,1013.1,1013.3,1013.1,3.5,111,8.1,-2.96,0.0
A305,16/08/2019,03,26.2,26.4,26.1,75,76,75,21.5,21.9,21.4,1012.8,1013.1,1012.7,4.4,114,10.2,-3.51,0.0