,hora,temp_inst,umid_inst,vento_rajada,diff_wind
0,0,26.6,79,4.8,3.4
1,23,26.0,79,4.2,3.7
2,22,26.7,75,5.5,3.8
3,21,27.1,72,6.9,4.800000000000001
4,20,28.1,66,7.4,4.5
5,19,29.3,64,8.4,5.5
6,18,29.9,61,8.4,4.9
7,17,30.2,62,8.7,4.6
8,16,30.3,64,7.7,4.4
9,15,30.3,60,7.4,4.0
10,14,30.6,61,7.8,4.6
11,13,29.1,65,7.2,4.4
12,12,28.5,70,6.6,3.8999999999999995
13,11,27.2,75,6.5,4.3
14,10,24.6,86,5.0,3.0
15,9,24.6,87,3.2,1.9000000000000001
16,8,24.6,87,3.2,2.1
17,7,25.2,83,2.1,1.5
18,6,25.3,83,3.0,2.4
19,5,26.1,78,4.0,2.9
20,4,26.4,76,4.3,2.5
21,3,26.6,77,5.1,3.5999999999999996
22,2,26.9,76,4.5,2.7
23,1,26.6,79,4.9,3.8000000000000003
24,0,24.9,85,1.5,1.3
25,1,24.2,88,1.0,1.0
26,2,24.0,89,1.4,1.4
27,3,24.3,90,2.1,0.8
28,4,24.1,91,2.4,1.7
29,5,24.1,91,1.7,1.2999999999999998
30,6,23.8,91,1.6,0.9000000000000001
31,7,24.0,91,2.1,1.4000000000000001
32,8,24.0,91,2.3,0.9999999999999998
33,9,24.4,90,2.8,1.6999999999999997
34,10,25.5,87,4.3,2.5
35,11,27.6,77,5.4,3.1000000000000005
36,12,28.5,73,7.0,3.9
37,13,30.0,65,7.9,5.2
38,14,29.4,60,8.6,4.5
39,15,30.5,58,8.6,4.699999999999999
40,16,30.9,55,10.1,6.199999999999999
41,17,30.8,51,10.1,5.5
42,18,30.3,54,8.9,5.300000000000001
43,19,30.2,58,7.8,5.1
44,20,28.6,67,6.4,3.5000000000000004
45,21,27.4,75,6.2,4.4
46,22,26.9,79,4.0,2.8
47,23,26.5,81,3.0,2.3
48,0,25.6,86,1.7,1.2
49,1,25.3,88,1.2,1.0999999999999999
50,2,25.8,88,1.4,0.7999999999999999
51,3,26.3,86,2.0,1.6
52,4,26.0,86,2.6,2.2
53,5,26.4,80,4.3,2.9
54,6,25.4,85,4.6,3.8
55,7,24.6,87,2.3,1.5999999999999999
56,8,24.8,86,2.7,1.5000000000000002
57,9,24.4,86,2.8,1.2999999999999998
58,10,26.1,79,4.3,2.4
59,11,27.8,70,6.6,3.6999999999999997
60,12,28.3,69,7.7,3.9000000000000004
61,13,29.5,59,8.4,4.800000000000001
62,14,29.9,54,9.1,6.0
63,15,31.0,55,8.7,5.6
64,16,30.3,60,7.3,3.9
65,17,30.0,61,7.2,4.300000000000001
66,18,29.9,58,6.9,4.300000000000001
67,19,29.7,61,5.5,2.9
68,20,28.6,66,6.0,3.9
69,21,27.2,73,5.7,4.2
70,22,26.7,77,4.9,3.6000000000000005
71,23,26.1,81,3.1,2.0
72,0,26.7,79,3.6,2.0
73,1,27.2,78,5.7,3.4000000000000004
74,2,27.0,78,6.5,4.2
75,3,26.8,78,5.2,3.1
76,4,26.8,78,4.4,2.6000000000000005
77,5,25.2,85,3.9,3.0
78,6,24.7,87,2.7,1.6
79,7,24.5,88,2.7,1.2000000000000002
80,8,24.1,87,3.5,2.3
81,9,24.1,87,2.9,1.5
82,10,25.7,81,5.1,2.6999999999999997
83,11,27.4,72,5.9,3.1000000000000005
84,12,28.0,68,6.4,3.4000000000000004
85,13,28.3,65,7.8,5.199999999999999
86,14,30.3,58,6.8,3.6999999999999997
87,15,29.3,62,7.4,4.1000000000000005
88,16,29.8,60,8.1,4.6
89,17,30.0,61,8.2,4.499999999999999
90,18,29.9,61,7.6,4.6
91,19,29.2,63,6.8,3.9
92,20,28.1,68,6.3,3.5
93,21,27.0,74,6.4,4.800000000000001
94,22,26.8,77,4.3,3.0
95,23,26.4,79,3.8,2.4
96,0,26.2,81,3.8,2.5999999999999996
97,1,26.1,82,3.7,2.5
98,2,26.3,82,3.1,1.8
99,3,26.4,80,3.8,2.5999999999999996
100,4,26.8,78,4.4,2.9000000000000004
101,5,26.7,77,4.7,3.0
102,6,26.6,79,5.0,3.7
103,7,25.2,85,3.3,2.9
104,8,24.9,87,2.6,1.2000000000000002
105,9,24.4,87,3.4,1.7
106,10,25.6,82,4.5,2.4
107,11,28.1,75,5.9,3.7
108,12,29.5,66,6.6,3.4999999999999996
109,13,29.3,59,9.9,5.5
110,14,31.2,52,10.3,6.6000000000000005
111,15,30.8,52,9.3,5.700000000000001
112,16,30.3,56,9.5,4.9
113,17,30.2,58,9.5,5.5
114,18,29.9,60,9.6,5.699999999999999
115,19,29.2,63,8.2,5.199999999999999
116,20,28.1,70,7.6,4.5
117,21,27.2,76,6.3,4.1
118,22,27.2,77,5.0,2.9
119,23,26.8,79,4.1,2.3
120,0,26.9,80,3.9,2.2
121,1,26.7,79,4.2,2.9000000000000004
122,2,26.8,78,3.3,1.7999999999999998
123,3,27.0,78,4.1,2.6999999999999997
124,4,27.0,76,4.4,2.4000000000000004
125,5,26.9,77,4.8,3.3
126,6,25.6,83,4.7,3.6
127,7,24.9,87,4.2,2.8000000000000003
128,8,24.5,88,2.9,1.5
129,9,24.2,87,3.2,2.0
130,10,25.8,81,3.4,1.5999999999999999
131,11,27.5,67,6.9,4.300000000000001
132,12,28.4,65,8.0,4.8
133,13,29.0,61,7.2,4.0
134,14,30.8,58,6.9,4.7
135,15,31.2,51,8.5,5.1
136,16,31.5,48,8.5,5.2
137,17,31.2,57,7.0,4.6
138,18,30.5,57,6.9,4.1000000000000005
139,19,29.7,59,7.1,4.3999999999999995
140,20,28.3,64,7.2,4.4
141,21,27.2,71,7.0,4.9
142,22,27.0,73,5.5,4.0
143,23,26.5,77,4.2,3.3000000000000003
144,0,26.5,79,2.9,2.2
145,1,26.6,79,3.2,2.2
146,2,26.9,77,5.3,4.0
147,3,26.9,77,4.4,2.9000000000000004
148,4,26.8,75,4.7,3.2
149,5,25.3,83,4.4,3.4000000000000004
150,6,24.6,87,1.7,1.2999999999999998
151,7,24.9,87,2.9,1.5
152,8,24.8,82,4.2,2.5
153,9,24.1,78,4.1,2.8
154,10,25.3,71,4.3,2.4
155,11,26.6,64,7.2,4.2
156,12,27.9,60,6.9,3.5000000000000004
157,13,29.6,55,7.7,4.9
158,14,30.5,51,8.0,5.1
159,15,30.8,48,9.4,5.2
160,16,30.9,49,9.5,4.7
161,17,30.3,49,9.2,5.6
162,18,30.6,49,8.0,4.5
163,19,30.1,54,7.9,4.800000000000001
164,20,28.2,63,7.8,4.699999999999999
165,21,27.2,72,6.5,4.4
166,22,27.0,74,4.8,3.3
167,23,26.9,76,4.7,3.6
168,0,27.2,76,3.9,2.5999999999999996
169,1,27.2,78,3.8,2.5
170,2,27.3,81,4.7,2.8000000000000003
171,3,27.2,79,4.9,3.2
172,4,27.1,77,5.8,3.8
173,5,26.8,81,5.0,3.2
174,6,25.7,89,7.5,6.8
175,7,25.3,89,6.0,5.2
176,8,24.1,90,8.8,6.200000000000001
177,9,24.3,91,8.8,7.4
178,10,25.0,91,4.1,2.8
179,11,26.8,80,5.6,3.3999999999999995
180,12,27.9,67,7.7,5.2
181,13,29.5,61,7.3,4.199999999999999
182,14,30.8,57,7.7,4.800000000000001
183,15,29.7,57,7.3,4.699999999999999
184,16,30.8,57,7.0,4.7
185,17,30.5,56,7.0,3.9
186,18,30.2,55,7.5,4.1
187,19,29.8,55,8.5,5.3
188,20,28.4,62,7.1,3.4999999999999996
189,21,27.1,71,6.7,4.6
190,22,26.8,75,4.8,3.1999999999999997
191,23,26.8,78,3.8,2.6999999999999997
192,0,26.7,80,3.2,2.4000000000000004
193,23,26.8,77,4.3,3.0
194,22,27.0,76,4.6,3.0999999999999996
195,21,27.3,75,6.8,4.6
196,20,28.2,68,6.8,3.9
197,19,29.5,60,6.5,3.4
198,18,29.9,59,8.2,5.299999999999999
199,17,30.2,60,7.7,4.4
200,16,30.8,56,7.7,4.300000000000001
201,15,30.9,55,7.7,4.0
202,14,30.8,52,8.1,5.1
203,13,30.0,58,7.1,4.8
204,12,28.8,64,7.5,4.7
205,11,28.1,71,6.0,3.1
206,10,25.6,81,2.6,1.2000000000000002
207,9,24.8,82,2.8,1.7999999999999998
208,8,25.1,82,4.0,2.9
209,7,26.7,75,5.7,3.9000000000000004
210,6,27.0,78,5.5,3.2
211,5,27.0,80,5.1,2.3999999999999995
212,4,26.8,78,5.0,4.0
213,3,27.2,78,5.8,4.1
214,2,27.4,79,6.0,3.6
215,1,26.9,79,3.3,1.9
216,0,26.9,78,3.6,2.2
217,1,26.6,79,4.0,2.8
218,2,26.0,80,3.9,3.4
219,3,25.1,84,1.7,1.4
220,4,24.4,88,1.0,0.9
221,5,24.3,89,0.7,0.6
222,6,24.5,90,0.8,0.8
223,7,24.2,90,1.1,1.0
224,8,23.9,90,1.0,0.8
225,9,24.0,91,1.4,0.9999999999999999
226,10,26.1,82,2.6,1.2000000000000002
227,11,27.8,70,5.5,3.0
228,12,29.0,60,7.7,4.9
229,13,30.0,54,7.2,4.2
230,14,30.9,51,6.6,3.8999999999999995
231,15,30.4,52,6.6,3.6999999999999997
232,16,31.3,53,6.8,3.6999999999999997
233,17,30.7,58,7.1,4.199999999999999
234,18,31.0,57,7.1,4.3999999999999995
235,19,29.3,64,7.3,3.9
236,20,28.5,71,8.0,4.9
237,21,27.7,76,7.7,4.4
238,22,27.2,77,9.2,5.6
239,23,27.2,75,8.9,5.9
240,0,27.4,76,7.8,4.6
241,1,26.9,79,8.6,5.3999999999999995
242,2,26.8,75,8.4,5.9
243,3,27.2,75,7.0,4.4
244,4,26.9,70,10.0,6.3
245,5,26.9,70,8.3,5.4
246,6,26.8,70,7.3,5.199999999999999
247,7,26.7,70,7.7,4.2
248,8,23.8,79,9.6,8.5
249,9,24.1,81,2.3,1.4
250,10,25.7,77,2.1,1.4000000000000001
251,11,28.0,69,5.2,2.8000000000000003
252,12,29.5,60,7.9,5.0
253,13,30.2,55,7.9,5.0
254,14,30.2,54,7.2,4.0
255,15,30.4,55,7.5,5.2
256,16,30.2,58,6.8,3.9
257,17,29.3,60,7.7,4.300000000000001
258,18,29.7,61,7.7,5.1
259,19,29.3,63,6.7,4.1
260,20,27.7,74,9.9,6.6000000000000005
261,21,27.5,73,9.2,5.799999999999999
262,22,27.1,75,9.1,4.8
263,23,25.5,86,9.1,5.3999999999999995
264,0,24.9,88,7.8,4.5
265,1,24.4,91,7.3,4.1
266,2,24.6,91,9.4,6.9
267,3,24.2,91,8.8,5.500000000000001
268,4,24.3,91,8.8,6.9
269,5,23.4,91,7.1,5.5
270,6,22.3,92,11.9,8.7
271,7,22.2,93,7.0,6.5
272,8,22.7,93,2.6,1.6
273,9,22.2,93,5.8,5.1
274,10,22.3,93,3.0,2.3
275,11,22.7,93,4.0,3.0
276,12,23.8,91,3.3,1.7999999999999998
277,13,24.3,90,3.1,2.0
278,14,26.9,78,5.7,3.6
279,15,27.1,72,7.9,5.1000000000000005
280,16,26.9,76,7.9,5.2
281,17,27.2,73,7.7,5.1
282,18,27.1,76,7.3,4.199999999999999
283,19,26.5,80,7.3,5.3
284,20,26.3,78,6.2,4.1
285,21,26.0,81,4.4,3.1000000000000005
286,22,26.1,83,4.4,2.6000000000000005
287,23,26.0,82,4.7,3.5
288,0,26.0,83,4.3,2.8
289,1,25.6,84,3.7,2.5
290,2,25.1,88,3.7,2.9000000000000004
291,3,23.8,91,6.6,5.5
292,4,23.9,92,5.7,4.8
293,5,23.6,91,5.9,4.9
294,6,23.8,92,3.3,1.9
295,7,23.8,92,3.6,2.4000000000000004
296,8,23.9,92,2.5,2.2
297,9,24.0,92,5.0,3.4
298,10,24.4,92,4.1,3.1999999999999997
299,11,24.6,92,4.8,3.1999999999999997
300,12,26.3,88,4.8,2.9
301,13,27.7,74,6.4,4.1000000000000005
302,14,26.1,86,7.4,6.1000000000000005
303,15,28.1,77,6.0,3.4
304,16,28.2,73,7.6,4.6
305,17,25.0,90,7.9,7.5
306,18,28.5,74,6.1,3.3999999999999995
307,19,27.8,78,6.2,3.3000000000000003
308,20,26.7,82,7.0,4.5
309,21,26.4,84,6.7,4.800000000000001
310,22,24.3,91,7.1,4.5
311,23,23.6,92,7.2,6.7
312,0,24.1,92,6.0,3.6
313,1,23.6,92,6.5,4.8
314,2,23.6,92,6.3,4.1
315,3,23.8,93,5.3,4.3
316,4,23.7,93,7.9,6.5
317,5,23.5,93,4.3,2.8
318,6,23.1,93,3.0,2.9
319,7,23.4,93,3.0,1.6
320,8,23.5,93,3.5,2.4
321,9,23.6,92,4.0,2.3
322,10,23.8,92,5.0,3.2
323,11,23.7,91,5.5,4.1
324,12,24.4,91,4.0,3.0
325,13,25.9,82,4.7,2.3000000000000003
326,14,27.0,75,7.3,4.199999999999999
327,15,27.5,74,8.8,5.000000000000001
328,16,28.6,69,8.0,4.3
329,17,28.4,66,9.3,5.000000000000001
330,18,29.2,66,10.8,7.200000000000001
331,19,27.9,70,8.6,5.3
332,20,26.7,77,7.9,5.2
333,21,26.1,80,6.6,4.3999999999999995
334,22,25.6,82,5.0,3.2
335,23,25.3,83,4.3,3.3
336,0,25.3,81,3.9,2.9
337,1,25.5,79,4.9,3.6000000000000005
338,2,26.3,77,6.5,4.4
339,3,26.4,77,5.7,3.5
340,4,26.3,75,6.0,4.2
341,5,26.0,77,5.1,3.5999999999999996
342,6,25.2,78,5.5,3.5
343,7,24.1,82,4.6,3.6999999999999997
344,8,23.9,83,3.8,2.6999999999999997
345,9,24.4,82,4.2,2.8000000000000003
346,10,25.2,77,3.6,1.5
347,11,27.3,69,5.4,3.1000000000000005
348,12,28.5,61,7.4,4.0
349,13,30.0,57,8.1,4.8
350,14,31.3,53,10.3,7.000000000000001
351,15,30.5,57,10.0,5.9
352,16,30.2,58,9.0,5.3
353,17,29.9,57,9.4,5.1000000000000005
354,18,29.4,60,9.5,5.3
355,19,28.7,66,8.8,5.1000000000000005
356,20,27.8,70,7.5,4.2
357,21,27.0,76,7.7,5.0
358,22,26.7,78,6.2,4.2
359,23,26.5,81,5.4,3.8000000000000003
360,0,25.4,87,6.9,4.7
361,1,25.3,87,5.0,4.1
362,2,24.8,88,5.6,3.6999999999999997
363,3,25.2,88,6.8,4.8
364,4,24.3,90,7.8,7.2
365,5,24.4,91,7.2,4.5
366,6,24.3,91,8.1,6.699999999999999
367,7,24.3,91,3.8,3.3
368,8,24.1,91,3.4,2.4
369,9,23.9,89,3.9,2.8
370,10,25.2,81,4.0,2.2
371,11,26.5,73,6.3,3.4
372,12,28.1,67,6.2,3.9000000000000004
373,13,29.1,63,7.3,4.6
374,14,29.6,59,8.5,5.2
375,15,28.6,67,7.9,4.7
376,16,26.9,76,8.2,5.199999999999999
377,17,28.4,67,5.7,3.7
378,18,28.1,68,6.8,5.0
379,19,28.1,68,5.7,4.2
380,20,27.5,72,4.6,2.6999999999999997
381,21,27.0,75,4.4,2.5000000000000004
382,22,26.0,80,4.5,4.1
383,23,25.9,79,5.3,4.3
384,23,25.4,85,1.5,0.8
385,0,25.3,83,4.9,2.4000000000000004
386,1,23.9,88,5.9,5.4
387,2,23.6,89,5.0,3.6
388,3,23.4,90,3.3,3.0
389,4,23.6,91,3.1,2.0
390,5,23.5,91,4.6,3.1999999999999997
391,6,23.3,92,3.5,2.6
392,7,23.4,92,4.7,3.2
393,8,23.1,92,4.0,3.6
394,9,23.3,92,2.2,1.0000000000000002
395,10,23.8,92,2.4,2.1999999999999997
396,11,24.9,90,2.8,1.2999999999999998
397,12,26.9,78,4.2,2.4000000000000004
398,13,27.8,71,6.8,3.9
399,14,28.3,67,6.8,4.199999999999999
400,15,27.8,68,6.7,5.1
401,16,27.5,71,4.8,2.9
402,17,25.9,86,6.5,6.3
403,18,28.0,72,3.8,2.5999999999999996
404,19,27.7,72,3.9,2.7
405,20,27.2,72,5.2,2.7
406,21,26.0,80,5.2,4.1
407,22,25.4,83,2.7,2.4000000000000004
408,23,26.4,80,4.4,2.9000000000000004
409,0,25.4,86,1.3,1.2
410,1,25.2,87,1.1,1.1
411,2,24.9,89,1.5,0.6
412,3,24.6,90,2.2,1.0000000000000002
413,4,24.5,90,2.5,2.0
414,5,24.2,91,1.6,0.9000000000000001
415,6,24.2,91,2.6,1.5
416,7,24.0,91,4.0,2.5
417,8,23.7,91,3.2,1.9000000000000001
418,9,23.8,91,3.1,1.8
419,10,25.0,89,3.6,1.8
420,11,25.8,83,4.9,2.7
421,12,26.0,84,4.9,3.3000000000000003
422,13,29.4,70,4.9,3.3000000000000003
423,14,29.3,70,5.8,3.5999999999999996
424,15,29.9,60,7.2,3.8000000000000003
425,16,30.2,60,7.1,3.8
426,17,30.5,61,7.9,5.1000000000000005
427,18,30.0,63,7.7,5.0
428,19,29.1,68,7.0,4.1
429,20,27.8,73,6.4,3.8000000000000003
430,21,26.5,80,5.5,3.7
431,22,26.4,82,4.4,3.3000000000000003
432,11,26.7,74,5.2,2.9000000000000004
433,0,25.7,82,4.4,3.6000000000000005
434,1,24.9,87,2.6,2.3000000000000003
435,2,24.9,89,1.4,1.4
436,3,24.8,89,1.2,1.0999999999999999
437,4,25.2,89,5.2,4.7
438,5,25.6,84,3.2,2.0
439,6,24.5,88,3.2,2.9000000000000004
440,7,24.5,90,2.3,2.0999999999999996
441,8,24.1,90,3.9,2.3
442,9,23.7,90,4.3,3.3
443,10,25.2,83,4.0,2.2
444,12,28.4,70,7.6,5.0
445,13,29.6,64,8.2,4.799999999999999
446,14,29.6,60,8.2,5.199999999999999
447,15,30.4,55,7.5,4.6
448,16,30.4,60,6.6,3.8999999999999995
449,17,30.9,60,6.1,3.6999999999999997
450,18,30.9,59,5.5,3.5
451,19,29.6,63,5.0,2.5
452,20,28.7,67,5.4,4.1000000000000005
453,21,26.9,77,4.3,3.4
454,22,26.1,80,3.5,2.3
455,23,25.2,85,2.5,2.5
456,11,26.1,67,7.5,4.4
457,0,24.7,88,1.3,1.3
458,1,24.5,90,1.1,1.0
459,2,24.2,91,0.9,0.9
460,3,24.5,91,1.4,0.7
461,4,24.6,89,2.4,1.9
462,5,24.7,90,1.9,0.8999999999999999
463,6,24.3,90,2.4,2.1
464,7,23.8,91,1.3,1.0
465,8,23.6,91,1.4,1.2
466,9,23.2,91,1.8,0.8
467,10,24.6,77,5.8,3.0999999999999996
468,12,27.8,66,7.8,4.8
469,13,28.8,57,9.1,5.8999999999999995
470,14,29.3,55,8.0,4.4
471,15,30.2,55,8.2,4.799999999999999
472,16,30.3,51,8.9,5.6000000000000005
473,17,30.8,53,8.9,5.0
474,18,29.4,60,9.9,5.5
475,19,28.9,65,9.9,6.4
476,20,27.8,70,8.2,4.999999999999999
477,21,26.9,75,6.8,4.6
478,22,26.5,78,4.9,3.4000000000000004
479,23,26.4,79,4.1,2.5999999999999996
480,21,27.2,76,6.4,4.0
481,0,26.2,83,4.4,3.6000000000000005
482,1,26.4,81,3.5,2.2
483,2,26.8,78,5.2,3.1
484,3,27.0,73,7.3,4.199999999999999
485,4,26.5,73,6.6,4.199999999999999
486,5,25.8,74,6.6,4.6
487,6,24.9,77,6.2,4.4
488,7,23.7,82,4.6,2.5999999999999996
489,8,23.3,77,6.2,4.1
490,9,22.8,76,6.4,3.9000000000000004
491,10,23.7,72,7.2,4.7
492,22,26.7,79,5.5,3.9
493,23,26.5,81,3.8,2.5999999999999996
494,11,25.6,63,7.7,4.800000000000001
495,12,27.3,54,7.7,4.300000000000001
496,13,28.6,53,8.1,4.5
497,14,30.0,52,10.1,6.699999999999999
498,15,30.9,51,10.6,7.3
499,16,30.5,50,9.7,6.3999999999999995
500,17,30.7,55,10.1,6.699999999999999
501,18,30.4,60,8.1,5.0
502,19,29.7,62,7.3,4.1
503,20,28.4,68,7.5,4.8
504,12,27.5,56,8.1,5.3
505,15,30.2,50,9.4,5.7
506,14,29.1,55,9.4,5.6000000000000005
507,13,28.2,55,9.0,5.2
508,16,31.1,47,9.4,6.5
509,11,25.0,71,6.0,3.4
510,10,24.0,75,5.3,3.3
511,9,23.4,79,3.9,2.5
512,8,23.3,78,5.2,3.8000000000000003
513,7,23.9,77,5.6,3.3
514,6,24.4,85,4.7,2.7
515,5,24.2,89,2.7,2.1
516,4,25.0,88,2.7,1.3000000000000003
517,3,25.4,87,1.9,0.7
518,2,25.7,85,3.1,2.5
519,1,26.5,83,3.1,2.6
520,0,26.3,82,3.3,2.1999999999999997
521,23,25.6,80,2.6,2.0
522,22,26.5,77,4.0,3.1
523,21,26.7,72,7.0,5.4
524,20,27.9,62,6.8,4.199999999999999
525,19,29.6,59,5.3,3.4
526,18,30.2,57,8.1,5.3
527,17,30.4,49,8.4,5.5
528,0,25.5,83,1.6,1.1
529,15,30.4,50,8.1,4.699999999999999
530,14,29.3,52,8.1,4.199999999999999
531,16,31.6,45,7.8,5.3
532,17,31.2,52,6.5,3.9
533,18,30.2,56,7.5,4.6
534,19,28.6,61,6.8,3.9
535,20,28.0,64,6.8,3.8
536,21,26.8,72,6.8,4.4
537,22,26.5,76,5.8,3.9
538,23,26.6,78,5.7,3.3000000000000003
539,13,28.9,56,8.3,4.9
540,12,27.2,64,7.1,4.199999999999999
541,11,26.3,68,6.0,2.9
542,10,24.4,77,4.2,2.6
543,9,23.2,82,4.2,2.3000000000000003
544,8,23.2,86,3.4,1.7999999999999998
545,7,23.6,86,3.3,2.4
546,6,24.8,79,6.1,5.1
547,5,25.8,75,6.8,5.0
548,4,26.2,75,6.0,3.4
549,3,26.7,75,5.8,3.5999999999999996
550,2,26.6,80,4.7,3.2
551,1,26.7,80,3.4,2.0999999999999996
552,12,28.0,65,8.7,5.6
553,14,29.9,55,9.7,6.1
554,21,26.2,73,6.9,4.4
555,20,27.3,62,7.5,4.4
556,19,28.4,58,8.1,5.0
557,18,29.2,54,8.6,5.0
558,17,29.7,54,10.0,6.5
559,16,30.0,58,9.5,5.7
560,15,29.7,56,9.5,5.6
561,22,25.9,75,6.6,4.8
562,23,25.6,77,4.1,2.9999999999999996
563,0,26.0,79,5.7,4.4
564,1,25.3,82,3.7,3.2
565,2,24.5,87,1.8,1.4
566,3,24.0,88,1.4,0.7
567,4,24.0,90,1.8,0.8
568,5,24.1,88,2.4,1.4
569,6,24.2,88,2.9,1.4
570,7,24.3,87,4.0,2.5
571,8,23.9,86,4.1,2.5999999999999996
572,9,24.0,82,4.2,2.4000000000000004
573,10,24.7,80,4.3,2.0999999999999996
574,11,26.5,71,7.4,3.9000000000000004
575,13,29.3,56,9.0,5.3
576,0,24.9,79,2.8,2.4
577,23,26.1,79,4.5,3.1
578,22,26.2,78,5.8,4.199999999999999
579,21,26.7,74,6.5,4.0
580,20,27.9,66,7.7,5.0
581,19,28.8,62,9.5,6.6
582,18,29.1,60,10.5,5.8
583,17,29.7,55,9.8,5.800000000000001
584,16,30.0,54,9.8,5.300000000000001
585,15,29.9,54,9.1,5.3999999999999995
586,14,30.1,56,8.2,4.8999999999999995
587,13,29.0,63,7.9,4.800000000000001
588,12,26.9,74,7.5,4.5
589,11,25.6,81,6.5,3.7
590,10,24.9,83,5.2,3.2
591,9,23.4,88,3.9,2.2
592,8,23.5,89,3.3,1.9
593,7,23.6,89,2.8,1.6999999999999997
594,6,23.4,90,2.4,1.5999999999999999
595,5,23.6,89,2.0,1.0
596,4,23.4,88,1.4,0.8999999999999999
597,3,23.6,87,1.6,1.2000000000000002
598,2,23.8,86,1.4,0.8999999999999999
599,1,24.3,83,2.0,1.3
600,22,26.5,76,6.2,4.9
601,23,26.3,78,3.6,2.6
602,0,26.0,81,3.2,2.0
603,1,25.9,81,3.9,2.9
604,2,26.3,81,4.4,2.7
605,3,26.6,77,6.0,3.1
606,4,26.3,75,7.5,4.9
607,5,25.8,78,7.5,6.4
608,6,24.1,86,3.3,1.7999999999999998
609,7,23.5,88,2.3,1.4
610,8,23.8,86,3.6,1.9000000000000001
611,9,23.7,85,3.9,2.0999999999999996
612,10,24.9,81,3.7,1.8000000000000003
613,11,26.8,70,6.8,4.1
614,12,28.2,56,9.2,5.199999999999999
615,13,29.1,54,10.4,6.300000000000001
616,14,30.3,53,10.4,6.7
617,15,30.7,54,9.9,5.0
618,16,30.5,56,11.1,5.8999999999999995
619,17,30.3,56,11.4,7.1000000000000005
620,18,29.2,61,10.1,5.8999999999999995
621,19,29.0,61,8.8,5.300000000000001
622,20,28.1,65,8.0,4.9
623,21,27.0,73,6.6,3.9999999999999996
624,21,26.9,74,7.5,5.4
625,23,26.5,80,4.9,3.0000000000000004
626,0,25.5,81,2.9,2.0999999999999996
627,1,24.7,86,1.8,1.5
628,2,26.4,80,4.2,2.3000000000000003
629,3,26.6,77,6.9,4.5
630,4,26.5,75,6.8,4.4
631,5,26.1,75,5.8,3.6999999999999997
632,6,24.9,82,5.5,4.3
633,7,24.6,82,3.3,1.9999999999999998
634,8,23.7,86,3.2,2.1
635,9,23.6,86,3.4,2.0
636,10,25.2,80,4.4,2.4000000000000004
637,11,26.9,74,6.0,3.1
638,12,27.6,70,7.8,5.1
639,13,29.0,64,7.9,4.6000000000000005
640,14,28.9,60,8.9,5.4
641,15,29.5,60,9.4,5.5
642,16,30.3,57,12.1,7.6
643,17,30.0,58,11.0,6.6
644,18,29.4,58,10.2,5.3999999999999995
645,19,28.7,63,10.2,5.699999999999999
646,20,28.1,67,8.6,5.699999999999999
647,22,26.6,77,7.2,4.800000000000001
648,1,27.0,77,6.5,4.3
649,0,26.9,78,5.5,2.9
650,23,26.3,78,4.9,3.2
651,22,26.5,77,5.9,4.1000000000000005
652,21,27.0,71,7.0,4.3
653,20,28.0,64,7.0,3.9
654,19,29.5,57,7.8,4.699999999999999
655,18,30.3,53,9.0,5.6
656,17,31.2,50,8.1,4.699999999999999
657,16,30.6,46,9.4,6.300000000000001
658,15,31.0,46,10.7,7.199999999999999
659,14,30.3,48,10.7,6.1
660,13,29.5,49,10.0,7.0
661,12,28.0,56,9.1,5.199999999999999
662,11,26.4,66,9.6,6.3999999999999995
663,10,25.3,71,6.3,3.5
664,9,24.0,75,5.4,3.2
665,8,24.3,78,5.4,3.4000000000000004
666,7,24.9,78,6.8,4.699999999999999
667,6,25.7,74,7.6,5.3999999999999995
668,5,26.1,72,9.0,7.0
669,4,26.4,77,7.8,4.0
670,3,26.8,77,7.6,4.8999999999999995
671,2,27.0,77,7.4,5.6000000000000005
672,23,25.2,81,4.5,2.7
673,22,25.2,80,8.7,7.1
674,21,24.8,81,10.0,6.3
675,20,27.6,71,9.8,6.000000000000001
676,19,28.7,60,10.2,6.3999999999999995
677,18,30.4,51,11.2,6.3999999999999995
678,17,31.0,50,8.6,4.6
679,16,31.1,50,11.4,7.800000000000001
680,15,31.0,49,12.3,7.6000000000000005
681,14,29.0,55,9.9,6.300000000000001
682,13,28.9,60,9.5,6.7
683,12,27.8,63,9.2,5.6
684,11,26.1,66,7.5,4.5
685,10,24.3,73,5.8,3.3
686,9,23.1,79,5.4,2.4000000000000004
687,8,23.3,81,5.0,2.6
688,7,23.5,85,3.4,1.9
689,6,23.8,86,3.8,2.1999999999999997
690,5,24.2,86,3.4,2.0
691,4,25.0,82,4.4,3.2
692,3,25.8,80,5.2,3.3000000000000003
693,2,25.9,79,4.9,2.8000000000000003
694,1,26.1,81,5.0,3.2
695,0,26.1,81,5.0,3.3
696,15,30.6,54,9.2,4.799999999999999
697,21,26.9,76,10.2,5.499999999999999
698,20,27.6,73,9.9,5.4
699,19,28.7,63,9.2,5.499999999999999
700,14,29.5,56,9.6,5.6
701,22,26.5,78,10.3,6.200000000000001
702,18,29.7,58,10.3,5.9
703,17,30.6,56,12.0,9.0
704,0,25.1,81,3.9,2.5
705,1,24.8,82,3.3,2.1999999999999997
706,2,24.2,84,2.8,1.5999999999999999
707,3,23.5,87,2.8,1.6999999999999997
708,4,23.1,89,2.4,1.2
709,5,23.4,84,4.9,2.9000000000000004
710,6,22.9,79,7.4,5.1000000000000005
711,7,22.5,78,7.4,5.6000000000000005
712,8,22.0,79,5.4,3.4000000000000004
713,9,21.6,82,5.0,3.1
714,10,23.4,77,7.5,5.4
715,11,25.4,67,7.5,4.1
716,12,27.5,60,9.5,6.5
717,13,28.7,59,9.6,5.8999999999999995
718,16,30.6,55,10.3,6.800000000000001
719,23,26.2,80,9.6,6.1
720,20,27.4,68,8.9,5.800000000000001
721,0,25.5,83,10.4,6.0
722,1,24.8,87,11.6,8.6
723,12,27.0,72,9.0,6.2
724,13,28.8,63,9.0,4.9
725,14,28.9,61,9.9,5.7
726,15,29.6,56,11.2,6.299999999999999
727,16,30.0,50,12.5,8.0
728,17,29.7,56,12.5,8.3
729,18,29.2,61,10.3,6.300000000000001
730,19,28.6,64,9.3,5.500000000000001
731,21,26.4,73,7.8,5.4
